visit_id,patient_id,visit_date,icd_code,icd_description,visit_type,gender,age,insurance_type,provider_id,county,copay_amount,follow_up_required,county_known
V0452,P111,2022-12-21,I10,Essential Hypertension,Follow-Up,M,37.0,Uninsured,DR04,Los Angeles,177.0,1,True
V0787,P196,2023-08-04,,,Telehealth,Male,69.0,Private,DR07,Fresno,40.0,YES,True
V0633,P153,2022-07-30,E11.9,Type 2 Diabetes without complications,Telehealth,m,27.0,Private,DR05,San Francisco,36.0,YES,True
V0278,P066,2023-08-26,J45.909,Unspecified Asthma,Office Visit,Male,71.0,Private,DR07,,55.0,Y,False
V0154,P035,2022-12-10,M54.5,Low Back Pain,Telehealth,MALE,42.0,Medicaid,DR01,,0.0,0,False
V0515,P127,2022-12-28,J20.9,Acute Bronchitis,Office Visit,MALE,,Medicaid,DR06,Alameda,0.0,YES,True
V0380,P094,2022-07-10,Z00.00,General Adult Medical Exam,Follow-Up,female,34.0,Medicaid,DR03,,5.0,1,False
V0508,P125,2023-01-08,Z23,Encounter for Immunization,Follow-Up,Male,65.0,Medicare,DR08,Fresno,19.0,0,True
V0626,P152,2023-01-13,,,Urgent Care,f,21.0,Private,DR02,Alameda,43.0,No,True
V0486,P122,2022-11-29,J45.909,Unspecified Asthma,Telehealth,male,18.0,Medicare,DR06,Sacramento,38.0,1,True
V0245,P058,2022-11-30,Z23,Encounter for Immunization,Follow-Up,FEMALE,27.0,Self-Pay,DR07,San Diego,,YES,True
V0035,P009,2022-02-02,F41.1,Generalized Anxiety Disorder,Office Visit,MALE,82.0,Uninsured,DR07,,129.0,no,False
V0327,P080,2023-12-24,R51,Headache,Office Visit,M,57.0,Medicaid,DR07,Riverside,0.0,0,True
V0453,P111,2022-06-26,F32.9,Major Depressive Disorder,Office Visit,M,37.0,Uninsured,DR07,Los Angeles,89.0,NO,True
V0169,P039,2023-03-30,E78.5,Hyperlipidemia,Office Visit,f,,Medicaid,DR07,Fresno,0.0,NO,True
V0776,P193,2023-02-19,N39.0,Urinary Tract Infection,Follow-Up,male,,Medicare,DR08,,36.0,Yes,False
V0431,P106,2023-09-13,Z23,Encounter for Immunization,Follow-Up,male,53.0,Medicaid,DR01,Los Angeles,0.0,1,True
V0128,P030,2023-01-25,Z00.00,General Adult Medical Exam,Telehealth,male,36.0,Medicare,DR05,Orange,,Yes,True
V0789,P197,2023-11-04,F32.9,Major Depressive Disorder,Telehealth,m,47.0,Self-Pay,DR04,Sacramento,115.0,NO,True
V0308,P075,2022-10-10,F32.9,Major Depressive Disorder,Telehealth,NB,29.0,Uninsured,DR01,Riverside,73.0,No,True
V0418,P102,2022-07-08,Z00.00,General Adult Medical Exam,Follow-Up,Female,69.0,Uninsured,DR02,Sacramento,89.0,no,True
V0546,P134,2022-12-21,E11.9,Type 2 Diabetes without complications,Office Visit,Male,68.0,Private,DR05,,32.0,no,False
V0750,P187,2022-05-29,I10,Essential Hypertension,Office Visit,other,64.0,Private,DR01,Los Angeles,56.0,0,True
V0062,P013,2022-05-18,,,Office Visit,F,73.0,Medicare,DR04,Los Angeles,34.0,YES,True
V0141,P033,2022-02-28,F32.9,Major Depressive Disorder,Follow-Up,male,41.0,Medicare,DR06,Riverside,39.0,NO,True
V0149,P034,2023-01-21,E78.5,Hyperlipidemia,Urgent Care,Female,31.0,Medicaid,DR04,Fresno,0.0,yes,True
V0262,P061,2022-02-02,F41.1,Generalized Anxiety Disorder,Telehealth,female,71.0,Private,DR03,,43.0,NO,False
V0135,P032,2023-05-31,E78.5,Hyperlipidemia,Follow-Up,male,57.0,Medicare,DR06,Alameda,19.0,yes,True
V0531,P131,2022-03-01,J20.9,Acute Bronchitis,Follow-Up,MALE,68.0,Medicaid,DR02,,0.0,1,False
V0230,P054,2023-01-08,Z23,Encounter for Immunization,Telehealth,M,81.0,Commercial,DR06,San Francisco,40.0,No,True
V0780,P193,2022-03-03,I10,Essential Hypertension,Follow-Up,male,46.0,Medicare,DR04,,24.0,0,False
V0284,P067,2023-04-14,R51,Headache,Follow-Up,female,23.0,Uninsured,DR07,San Diego,183.0,N,True
V0354,P088,2022-07-23,E11.9,Type 2 Diabetes without complications,Office Visit,male,39.0,Commercial,DR06,,41.0,NO,False
V0596,P145,2023-04-17,Z00.00,General Adult Medical Exam,Office Visit,female,61.0,Medicaid,DR03,,0.0,no,False
V0328,P081,2022-08-05,F41.1,Generalized Anxiety Disorder,Follow-Up,m,75.0,Medicare,DR06,Riverside,25.0,0,True
V0485,P122,2023-09-24,Z00.00,General Adult Medical Exam,Office Visit,male,18.0,Medicare,DR07,Sacramento,28.0,N,True
V0160,P036,2023-11-11,Z23,Encounter for Immunization,Office Visit,F,65.0,Commercial,DR01,,45.0,yes,False
V0189,P043,2023-02-27,UNKNOWN,Unknown,Follow-Up,female,58.0,Self-Pay,DR06,San Francisco,69.0,No,True
V0738,P184,2023-07-12,J45.909,Unspecified Asthma,Follow-Up,m,29.0,Medicare,DR01,Los Angeles,35.0,YES,True
V0488,P122,2022-10-01,Z00.00,General Adult Medical Exam,Urgent Care,male,18.0,Medicare,DR05,Sacramento,29.0,YES,True
V0193,P044,2022-06-25,I10,Essential Hypertension,Follow-Up,female,77.0,Medicare,DR07,Los Angeles,27.0,1,True
V0060,P013,2023-01-11,J06.9,Acute Upper Respiratory Infection,Office Visit,F,73.0,Medicare,DR01,Los Angeles,26.0,1,True
V0014,P004,2023-10-06,E11.9,Type 2 Diabetes without complications,Follow-Up,Female,24.0,Medicare,DR05,,18.0,0,False
V0611,P150,2023-04-20,I10,Essential Hypertension,Office Visit,F,30.0,Medicaid,DR03,San Diego,0.0,no,True
V0253,P060,2022-01-11,N39.0,Urinary Tract Infection,Office Visit,Female,83.0,Medicaid,DR03,Orange,5.0,YES,True
V0577,P141,2022-10-16,R51,Headache,Telehealth,m,44.0,Commercial,DR07,Sacramento,20.0,N,True
V0054,P012,2023-06-10,F32.9,Major Depressive Disorder,Telehealth,Female,29.0,Medicare,DR08,San Diego,24.0,NO,True
V0607,P149,2023-12-27,UNKNOWN,Unknown,Telehealth,m,37.0,Medicare,DR08,Alameda,25.0,1,True
V0240,P057,2023-06-04,J45.909,Unspecified Asthma,Office Visit,FEMALE,54.0,Self-Pay,DR07,Sacramento,78.0,1,True
V0111,P025,2023-10-05,E11.9,Type 2 Diabetes without complications,Urgent Care,Non-binary,46.0,Medicaid,DR05,San Diego,5.0,Y,True
V0252,P060,2023-04-17,J20.9,Acute Bronchitis,Office Visit,Female,83.0,Medicaid,DR01,Orange,0.0,Yes,True
V0730,P182,2023-10-28,E11.9,Type 2 Diabetes without complications,Telehealth,F,85.0,Medicaid,DR02,Riverside,0.0,1,True
V0126,P030,2023-09-11,J20.9,Acute Bronchitis,Office Visit,male,,Medicare,DR02,Orange,16.0,NO,True
V0737,P184,2023-09-27,F41.1,Generalized Anxiety Disorder,Telehealth,m,29.0,Medicare,DR01,Los Angeles,24.0,no,True
V0727,P182,2023-09-30,J45.909,Unspecified Asthma,Urgent Care,F,85.0,Medicaid,DR02,Riverside,0.0,no,True
V0396,P097,2023-12-09,Z00.00,General Adult Medical Exam,Office Visit,Female,68.0,Uninsured,DR01,Orange,196.0,Yes,True
V0659,P161,2023-06-13,F32.9,Major Depressive Disorder,Follow-Up,f,33.0,Private,DR08,,30.0,no,False
V0506,P125,2022-09-01,E78.5,Hyperlipidemia,Office Visit,Male,65.0,Medicare,DR03,Fresno,27.0,No,True
V0450,P111,2022-03-12,E78.5,Hyperlipidemia,Telehealth,M,37.0,Uninsured,DR07,Los Angeles,139.0,No,True
V0210,P050,2023-02-22,J06.9,Acute Upper Respiratory Infection,Office Visit,F,49.0,Medicare,DR08,Alameda,37.0,NO,True
V0672,P164,2023-05-11,R51,Headache,Follow-Up,F,77.0,Medicaid,DR08,,,No,False
V0358,P088,2022-06-24,I10,Essential Hypertension,Follow-Up,male,39.0,Commercial,DR05,,30.0,Y,False
V0442,P108,2022-04-04,I10,Essential Hypertension,Telehealth,f,63.0,Medicare,DR04,Fresno,29.0,no,True
V0638,P154,2023-03-08,J06.9,Acute Upper Respiratory Infection,Urgent Care,f,44.0,Medicaid,DR02,Sacramento,0.0,0,True
V0565,P138,2022-03-27,Z23,Encounter for Immunization,Urgent Care,female,25.0,Private,DR04,Orange,26.0,Y,True
V0566,P138,2023-06-18,E78.5,Hyperlipidemia,Office Visit,female,25.0,Private,DR03,Orange,54.0,no,True
V0271,P064,2023-07-26,E78.5,Hyperlipidemia,Telehealth,M,37.0,Medicaid,DR07,,0.0,No,False
V0467,P116,2023-05-26,Z00.00,General Adult Medical Exam,Follow-Up,F,47.0,Medicaid,DR04,San Francisco,0.0,N,True
V0533,P132,2023-06-29,J06.9,Acute Upper Respiratory Infection,Office Visit,Male,68.0,Self-Pay,DR06,,,no,False
V0666,P162,2022-03-22,N39.0,Urinary Tract Infection,Telehealth,M,32.0,Private,DR07,Los Angeles,27.0,NO,True
V0254,P060,2022-02-28,I10,Essential Hypertension,Office Visit,Female,83.0,Medicaid,DR04,Orange,0.0,Yes,True
V0049,P011,2022-07-23,E11.9,Type 2 Diabetes without complications,Follow-Up,FEMALE,22.0,Medicaid,DR08,San Francisco,5.0,YES,True
V0309,P075,2023-06-14,Z23,Encounter for Immunization,Office Visit,NB,29.0,Uninsured,DR04,Riverside,199.0,yes,True
V0784,P195,2023-07-06,F32.9,Major Depressive Disorder,Follow-Up,m,48.0,Commercial,DR07,,37.0,no,False
V0139,P032,2023-05-29,F32.9,Major Depressive Disorder,Office Visit,male,57.0,Medicare,DR01,Alameda,19.0,1,True
V0686,P167,2023-11-21,F32.9,Major Depressive Disorder,Follow-Up,F,57.0,Medicaid,DR07,San Francisco,0.0,YES,True
V0464,P115,2022-05-21,J06.9,Acute Upper Respiratory Infection,Office Visit,female,47.0,Medicaid,DR06,,0.0,Y,False
V0388,P096,2022-09-11,J06.9,Acute Upper Respiratory Infection,Follow-Up,M,68.0,Medicare,DR01,San Diego,22.0,YES,True
V0016,P004,2023-02-28,M54.5,Low Back Pain,Urgent Care,Female,24.0,Medicare,DR03,,39.0,Yes,False
V0061,P013,2022-11-25,E11.9,Type 2 Diabetes without complications,Follow-Up,F,73.0,Medicare,DR01,Los Angeles,24.0,no,True
V0047,P011,2023-11-17,J45.909,Unspecified Asthma,Office Visit,FEMALE,22.0,Medicaid,DR03,San Francisco,0.0,No,True
V0095,P021,2022-05-15,Z00.00,General Adult Medical Exam,Urgent Care,Other,46.0,Commercial,DR08,Los Angeles,57.0,no,True
V0775,P193,2022-03-26,E78.5,Hyperlipidemia,Office Visit,male,46.0,Medicare,DR08,,39.0,Y,False
V0622,P152,2023-06-08,UNKNOWN,Unknown,Follow-Up,f,21.0,Private,DR05,Alameda,24.0,yes,True
V0694,P170,2022-06-05,M54.5,Low Back Pain,Urgent Care,M,31.0,Uninsured,DR07,,196.0,Yes,False
V0499,P124,2023-06-03,N39.0,Urinary Tract Infection,Office Visit,other,71.0,Uninsured,DR03,Los Angeles,188.0,Yes,True
V0058,P012,2022-05-21,Z23,Encounter for Immunization,Follow-Up,Female,29.0,Medicare,DR05,San Diego,,0,True
V0366,P091,2023-05-14,Z00.00,General Adult Medical Exam,Follow-Up,f,25.0,Private,DR07,Sacramento,48.0,Yes,True
V0559,P137,2023-01-01,N39.0,Urinary Tract Infection,Follow-Up,Male,69.0,Private,DR02,Alameda,50.0,no,True
V0745,P186,2022-02-14,M79.3,Panniculitis,Office Visit,F,84.0,Private,DR03,San Francisco,45.0,Y,True
V0279,P067,2022-06-28,E11.9,Type 2 Diabetes without complications,Urgent Care,female,23.0,Uninsured,DR01,San Diego,56.0,No,True
V0352,P088,2023-08-25,E11.9,Type 2 Diabetes without complications,Telehealth,male,39.0,Commercial,DR01,,38.0,Y,False
V0356,P088,2022-04-12,M54.5,Low Back Pain,Urgent Care,male,39.0,Commercial,DR08,,,no,False
V0109,P025,2022-06-15,I10,Essential Hypertension,Telehealth,Non-binary,46.0,Medicaid,DR05,San Diego,0.0,yes,True
V0771,P192,2023-02-14,Z00.00,General Adult Medical Exam,Telehealth,NB,,Medicare,DR05,,34.0,Y,False
V0479,P120,2022-06-21,J45.909,Unspecified Asthma,Office Visit,Non-binary,51.0,Medicaid,DR06,,0.0,Y,False
V0415,P102,2023-11-08,F32.9,Major Depressive Disorder,Office Visit,Female,69.0,Uninsured,DR01,Sacramento,98.0,yes,True
V0654,P158,2022-02-08,K21.0,GERD with Esophagitis,Office Visit,M,62.0,Medicaid,DR03,Riverside,5.0,YES,True
V0319,P078,2023-10-06,N39.0,Urinary Tract Infection,Office Visit,F,26.0,Private,DR05,Alameda,51.0,N,True
V0408,P101,2022-01-20,R51,Headache,Office Visit,NB,75.0,Medicaid,DR02,,,N,False
V0243,P058,2022-03-23,I10,Essential Hypertension,Follow-Up,FEMALE,27.0,Self-Pay,DR03,San Diego,160.0,1,True
V0147,P034,2022-07-01,J06.9,Acute Upper Respiratory Infection,Follow-Up,Female,31.0,Medicaid,DR01,Fresno,0.0,yes,True
V0621,P152,2022-07-05,F32.9,Major Depressive Disorder,Telehealth,f,21.0,Private,DR03,Alameda,25.0,N,True
V0143,P033,2023-06-27,,,Office Visit,male,41.0,Medicare,DR07,Riverside,26.0,0,True
V0306,P075,2022-06-18,M54.5,Low Back Pain,Office Visit,NB,29.0,Uninsured,DR06,Riverside,63.0,Y,True
V0583,P142,2023-03-07,K21.0,GERD with Esophagitis,Follow-Up,M,,Private,DR03,San Diego,30.0,yes,True
V0297,P072,2023-11-24,M54.5,Low Back Pain,Follow-Up,MALE,81.0,Medicaid,DR04,,5.0,No,False
V0206,P047,2023-11-04,E11.9,Type 2 Diabetes without complications,Follow-Up,Female,56.0,Medicaid,DR07,Riverside,0.0,no,True
V0044,P010,2023-06-16,I10,Essential Hypertension,Office Visit,f,45.0,Private,DR04,Sacramento,56.0,NO,True
V0597,P146,2023-12-23,E11.9,Type 2 Diabetes without complications,Urgent Care,f,24.0,Uninsured,DR03,San Diego,116.0,yes,True
V0051,P011,2023-01-18,R51,Headache,Office Visit,FEMALE,22.0,Medicaid,DR02,San Francisco,0.0,no,True
V0644,P157,2023-10-24,UNKNOWN,Unknown,Follow-Up,female,50.0,Medicaid,DR08,,0.0,no,False
V0427,P104,2023-02-28,Z00.00,General Adult Medical Exam,Follow-Up,female,35.0,Uninsured,DR07,Orange,110.0,no,True
V0710,P176,2022-11-04,J45.909,Unspecified Asthma,Follow-Up,f,20.0,Medicare,DR08,,33.0,NO,False
V0494,P123,2023-03-17,F41.1,Generalized Anxiety Disorder,Office Visit,Male,36.0,Medicaid,DR08,San Francisco,0.0,Y,True
V0671,P163,2022-12-08,M54.5,Low Back Pain,Urgent Care,female,80.0,Private,DR08,Los Angeles,59.0,YES,True
V0553,P136,2022-11-12,Z00.00,General Adult Medical Exam,Office Visit,MALE,79.0,Medicaid,DR02,Orange,0.0,YES,True
V0064,P013,2022-05-07,F41.1,Generalized Anxiety Disorder,Telehealth,F,,Medicare,DR02,Los Angeles,18.0,0,True
V0099,P022,2023-11-11,R51,Headache,Office Visit,MALE,25.0,Self-Pay,DR01,Sacramento,168.0,NO,True
V0742,P185,2023-06-25,F32.9,Major Depressive Disorder,Office Visit,MALE,51.0,Medicaid,DR03,Los Angeles,5.0,0,True
V0635,P154,2023-10-19,E11.9,Type 2 Diabetes without complications,Follow-Up,f,44.0,Medicaid,DR02,Sacramento,5.0,0,True
V0658,P160,2022-07-12,F32.9,Major Depressive Disorder,Telehealth,NB,78.0,Medicaid,DR06,,,No,False
V0593,P145,2022-08-01,,,Office Visit,female,61.0,Medicaid,DR03,,0.0,NO,False
V0301,P073,2022-02-23,I10,Essential Hypertension,Follow-Up,male,76.0,Medicaid,DR05,San Francisco,0.0,1,True
V0067,P014,2023-11-28,M79.3,Panniculitis,Office Visit,F,71.0,Private,DR01,Fresno,43.0,YES,True
V0579,P141,2022-01-19,E11.9,Type 2 Diabetes without complications,Office Visit,m,44.0,Commercial,DR02,Sacramento,25.0,Y,True
V0010,P003,2023-12-31,F41.1,Generalized Anxiety Disorder,Office Visit,female,68.0,Commercial,DR08,,,0,False
V0761,P189,2023-03-31,J06.9,Acute Upper Respiratory Infection,Urgent Care,F,63.0,Commercial,DR07,San Francisco,49.0,0,True
V0609,P150,2022-05-18,E11.9,Type 2 Diabetes without complications,Follow-Up,F,30.0,Medicaid,DR01,San Diego,,1,True
V0361,P090,2023-01-18,Z00.00,General Adult Medical Exam,Telehealth,m,81.0,Uninsured,DR05,Riverside,178.0,yes,True
V0303,P074,2023-11-06,I10,Essential Hypertension,Follow-Up,MALE,26.0,Medicaid,DR01,Los Angeles,0.0,Yes,True
V0421,P103,2022-04-03,F32.9,Major Depressive Disorder,Telehealth,F,53.0,Private,DR01,San Francisco,43.0,Y,True
V0696,P171,2023-11-17,J06.9,Acute Upper Respiratory Infection,Telehealth,female,61.0,Private,DR05,,44.0,No,False
V0591,P144,2023-11-29,K21.0,GERD with Esophagitis,Telehealth,m,32.0,Medicare,DR07,Riverside,24.0,NO,True
V0446,P109,2023-01-27,Z00.00,General Adult Medical Exam,Office Visit,Female,,Medicaid,DR02,Fresno,0.0,1,True
V0065,P013,2023-08-10,J45.909,Unspecified Asthma,Follow-Up,F,73.0,Medicare,DR01,Los Angeles,35.0,1,True
V0526,P131,2023-04-29,E11.9,Type 2 Diabetes without complications,Follow-Up,MALE,68.0,Medicaid,DR07,,0.0,0,False
V0376,P094,2022-12-10,I10,Essential Hypertension,Telehealth,female,34.0,Medicaid,DR05,,0.0,N,False
V0509,P126,2023-12-24,E78.5,Hyperlipidemia,Telehealth,M,58.0,Self-Pay,DR01,Los Angeles,136.0,no,True
V0575,P140,2022-01-27,J06.9,Acute Upper Respiratory Infection,Office Visit,M,26.0,Medicare,DR05,,36.0,Yes,False
V0420,P103,2023-10-09,I10,Essential Hypertension,Follow-Up,F,53.0,Private,DR04,San Francisco,45.0,Y,True
V0223,P052,2022-12-05,I10,Essential Hypertension,Telehealth,M,56.0,Private,DR04,,38.0,0,False
V0689,P168,2023-12-13,E11.9,Type 2 Diabetes without complications,Office Visit,F,28.0,Medicaid,DR01,Alameda,0.0,1,True
V0601,P147,2022-07-07,I10,Essential Hypertension,Office Visit,Male,31.0,Medicaid,DR02,Fresno,0.0,1,True
V0669,P163,2022-04-04,J06.9,Acute Upper Respiratory Infection,Urgent Care,female,80.0,Private,DR02,Los Angeles,58.0,N,True
V0272,P064,2022-03-17,F32.9,Major Depressive Disorder,Follow-Up,M,37.0,Medicaid,DR08,,0.0,N,False
V0419,P102,2023-07-19,M54.5,Low Back Pain,Urgent Care,Female,69.0,Uninsured,DR05,Sacramento,,Y,True
V0796,P200,2022-10-09,E11.9,Type 2 Diabetes without complications,Urgent Care,FEMALE,81.0,Medicare,DR04,Sacramento,16.0,1,True
V0752,P187,2022-07-24,F41.1,Generalized Anxiety Disorder,Office Visit,other,64.0,Private,DR07,Los Angeles,37.0,0,True
V0335,P083,2023-10-23,J20.9,Acute Bronchitis,Follow-Up,Other,67.0,Private,DR06,Sacramento,30.0,no,True
V0410,P101,2023-11-04,J45.909,Unspecified Asthma,Office Visit,NB,75.0,Medicaid,DR02,,0.0,No,False
V0628,P153,2022-03-16,M54.5,Low Back Pain,Office Visit,m,27.0,Private,DR08,San Francisco,33.0,0,True
V0656,P160,2022-06-08,I10,Essential Hypertension,Follow-Up,NB,78.0,Medicaid,DR08,,5.0,N,False
V0295,P072,2022-12-16,J20.9,Acute Bronchitis,Office Visit,MALE,81.0,Medicaid,DR01,,0.0,N,False
V0587,P144,2022-10-17,E78.5,Hyperlipidemia,Follow-Up,m,32.0,Medicare,DR05,Riverside,24.0,No,True
V0180,P041,2023-09-03,E11.9,Type 2 Diabetes without complications,Office Visit,male,81.0,Medicare,DR08,San Francisco,22.0,NO,True
V0233,P055,2023-07-02,UNKNOWN,Unknown,Follow-Up,m,61.0,Self-Pay,DR08,,174.0,N,False
V0351,P087,2023-03-10,M54.5,Low Back Pain,Office Visit,male,63.0,Medicaid,DR04,Los Angeles,5.0,YES,True
V0754,P187,2022-01-20,E11.9,Type 2 Diabetes without complications,Urgent Care,other,64.0,Private,DR03,Los Angeles,24.0,Y,True
V0436,P107,2022-10-23,I10,Essential Hypertension,Office Visit,Male,71.0,Private,DR08,Riverside,23.0,Y,True
V0075,P016,2022-07-27,F32.9,Major Depressive Disorder,Telehealth,female,48.0,Private,DR02,,50.0,No,False
V0413,P101,2022-10-08,M54.5,Low Back Pain,Urgent Care,NB,75.0,Medicaid,DR07,,0.0,0,False
V0129,P031,2022-03-18,UNKNOWN,Unknown,Telehealth,female,33.0,Medicaid,DR08,Orange,0.0,Yes,True
V0557,P136,2022-11-12,J20.9,Acute Bronchitis,Telehealth,MALE,79.0,Medicaid,DR05,Orange,0.0,YES,True
V0110,P025,2022-12-06,J20.9,Acute Bronchitis,Telehealth,Non-binary,46.0,Medicaid,DR08,San Diego,0.0,NO,True
V0026,P007,2022-10-06,N39.0,Urinary Tract Infection,Office Visit,M,,Medicaid,DR08,Riverside,0.0,YES,True
V0636,P154,2022-11-29,J06.9,Acute Upper Respiratory Infection,Telehealth,f,44.0,Medicaid,DR03,Sacramento,0.0,N,True
V0527,P131,2022-06-13,E11.9,Type 2 Diabetes without complications,Office Visit,MALE,68.0,Medicaid,DR04,,0.0,no,False
V0273,P065,,M54.5,Low Back Pain,Urgent Care,FEMALE,80.0,Medicaid,DR07,Fresno,0.0,yes,True
V0363,P091,2022-02-02,Z00.00,General Adult Medical Exam,Telehealth,f,25.0,Private,DR08,Sacramento,42.0,N,True
V0500,P124,2022-11-07,F32.9,Major Depressive Disorder,Office Visit,other,71.0,Uninsured,DR04,Los Angeles,153.0,0,True
V0558,P137,2023-07-15,I10,Essential Hypertension,Urgent Care,Male,69.0,Private,DR02,Alameda,46.0,NO,True
V0264,P062,2022-11-18,J20.9,Acute Bronchitis,Office Visit,female,39.0,Self-Pay,DR07,Orange,56.0,yes,True
V0595,P145,2022-03-05,J06.9,Acute Upper Respiratory Infection,Office Visit,female,61.0,Medicaid,DR03,,0.0,Y,False
V0100,P023,2023-09-16,E11.9,Type 2 Diabetes without complications,Office Visit,female,68.0,Self-Pay,DR07,San Francisco,60.0,YES,True
V0025,P007,2022-08-04,Z00.00,General Adult Medical Exam,Telehealth,M,,Medicaid,DR05,Riverside,,YES,True
V0187,P042,2022-04-14,J45.909,Unspecified Asthma,Office Visit,F,72.0,Medicaid,DR05,,0.0,yes,False
V0391,P096,2022-10-16,J06.9,Acute Upper Respiratory Infection,Telehealth,M,68.0,Medicare,DR06,San Diego,28.0,NO,True
V0603,P148,2022-01-22,J06.9,Acute Upper Respiratory Infection,Follow-Up,FEMALE,18.0,Medicaid,DR04,Los Angeles,0.0,No,True
V0722,P181,2022-10-14,J45.909,Unspecified Asthma,Urgent Care,M,21.0,Medicaid,DR04,,5.0,N,False
V0760,P189,2022-10-03,K21.0,GERD with Esophagitis,Follow-Up,F,63.0,Commercial,DR07,San Francisco,46.0,Yes,True
V0578,P141,2022-09-13,E78.5,Hyperlipidemia,Office Visit,m,44.0,Commercial,DR06,Sacramento,44.0,0,True
V0581,P142,2022-12-06,R51,Headache,Follow-Up,M,,Private,DR04,San Diego,29.0,1,True
V0353,P088,2023-02-19,Z00.00,General Adult Medical Exam,Office Visit,male,39.0,Commercial,DR07,,36.0,yes,False
V0071,P015,2023-07-14,J45.909,Unspecified Asthma,Follow-Up,female,26.0,Medicaid,DR04,Alameda,5.0,NO,True
V0545,P134,2022-07-14,E11.9,Type 2 Diabetes without complications,Telehealth,Male,68.0,Private,DR02,,21.0,NO,False
V0471,P117,2023-02-25,K21.0,GERD with Esophagitis,Follow-Up,FEMALE,19.0,Medicaid,DR05,,5.0,no,False
V0386,P095,2023-03-27,R51,Headache,Follow-Up,M,49.0,Private,DR01,San Francisco,23.0,Y,True
V0483,P121,2022-11-28,R51,Headache,Urgent Care,female,54.0,Medicaid,DR04,Alameda,0.0,no,True
V0599,P146,2022-11-04,E11.9,Type 2 Diabetes without complications,Office Visit,f,24.0,Uninsured,DR05,San Diego,175.0,NO,True
V0372,P092,2022-09-04,E78.5,Hyperlipidemia,Telehealth,Female,45.0,Medicaid,DR05,Los Angeles,0.0,N,True
V0713,P177,2023-05-27,Z23,Encounter for Immunization,Follow-Up,female,44.0,Medicaid,DR08,San Diego,5.0,Y,True
V0205,P047,2023-02-08,I10,Essential Hypertension,Telehealth,Female,56.0,Medicaid,DR03,Riverside,0.0,Yes,True
V0791,P198,2022-10-30,I10,Essential Hypertension,Follow-Up,M,43.0,Self-Pay,DR03,Riverside,87.0,YES,True
V0493,P123,2022-12-21,J45.909,Unspecified Asthma,Follow-Up,Male,36.0,Medicaid,DR02,San Francisco,,YES,True
V0707,P174,2022-04-20,E11.9,Type 2 Diabetes without complications,Urgent Care,FEMALE,38.0,Medicaid,DR01,Orange,5.0,0,True
V0286,P068,2023-12-22,I10,Essential Hypertension,Follow-Up,Female,27.0,Commercial,DR07,Los Angeles,40.0,1,True
V0172,P040,2022-03-08,F32.9,Major Depressive Disorder,Office Visit,m,44.0,Medicare,DR01,Fresno,36.0,1,True
V0390,P096,2022-07-08,I10,Essential Hypertension,Urgent Care,M,68.0,Medicare,DR04,San Diego,35.0,Y,True
V0221,P051,2022-08-18,J45.909,Unspecified Asthma,Office Visit,Male,28.0,Medicare,DR06,Sacramento,15.0,YES,True
V0398,P098,2022-04-21,,,Follow-Up,male,81.0,Uninsured,DR04,San Diego,103.0,yes,True
V0456,P112,2022-10-08,E11.9,Type 2 Diabetes without complications,Office Visit,Other,28.0,Private,DR06,,44.0,N,False
V0541,P133,2023-08-15,I10,Essential Hypertension,Telehealth,Non-binary,69.0,Commercial,DR01,,54.0,Y,False
V0023,P007,2022-03-19,M54.5,Low Back Pain,Telehealth,M,,Medicaid,DR01,Riverside,,NO,True
V0661,P161,2022-05-16,N39.0,Urinary Tract Infection,Urgent Care,f,33.0,Private,DR05,,51.0,yes,False
V0229,P054,2022-12-30,M54.5,Low Back Pain,Office Visit,M,81.0,Commercial,DR06,San Francisco,46.0,no,True
V0003,P001,2022-05-10,J20.9,Acute Bronchitis,Telehealth,M,59.0,Medicare,DR06,Sacramento,33.0,yes,True
V0274,P065,2023-01-15,F32.9,Major Depressive Disorder,Follow-Up,FEMALE,80.0,Medicaid,DR08,Fresno,0.0,Yes,True
V0640,P155,2023-04-01,F32.9,Major Depressive Disorder,Office Visit,F,66.0,Medicare,DR02,,32.0,No,False
V0777,P193,2023-09-08,E11.9,Type 2 Diabetes without complications,Telehealth,male,46.0,Medicare,DR01,,38.0,0,False
V0697,P171,2022-06-18,Z00.00,General Adult Medical Exam,Telehealth,female,61.0,Private,DR06,,27.0,NO,False
V0133,P032,2022-07-24,E11.9,Type 2 Diabetes without complications,Telehealth,male,57.0,Medicare,DR06,Alameda,40.0,No,True
V0200,P046,2022-08-26,E11.9,Type 2 Diabetes without complications,Office Visit,F,64.0,Commercial,DR04,,51.0,N,False
V0116,P028,2023-03-08,J06.9,Acute Upper Respiratory Infection,Office Visit,F,55.0,Medicare,DR03,Riverside,38.0,yes,True
V0755,P188,2023-08-12,I10,Essential Hypertension,Office Visit,M,39.0,Commercial,DR08,San Diego,45.0,No,True
V0460,P114,2023-03-30,J06.9,Acute Upper Respiratory Infection,Telehealth,female,37.0,Commercial,DR05,,54.0,Yes,False
V0718,P178,2022-04-18,UNKNOWN,Unknown,Follow-Up,male,85.0,Medicaid,DR06,Riverside,0.0,Y,True
V0393,P096,2023-03-24,N39.0,Urinary Tract Infection,Follow-Up,M,68.0,Medicare,DR07,San Diego,20.0,Yes,True
V0066,P014,2022-12-13,M54.5,Low Back Pain,Office Visit,F,71.0,Private,DR07,Fresno,56.0,no,True
V0774,P192,2023-11-23,F32.9,Major Depressive Disorder,Office Visit,NB,60.0,Medicare,DR03,,40.0,N,False
V0052,P012,2023-01-10,J06.9,Acute Upper Respiratory Infection,Office Visit,Female,29.0,Medicare,DR03,San Diego,37.0,no,True
V0359,P089,2022-06-09,Z00.00,General Adult Medical Exam,Follow-Up,Female,32.0,Medicaid,DR02,Alameda,0.0,Yes,True
V0300,P073,2022-08-08,Z23,Encounter for Immunization,Office Visit,male,76.0,Medicaid,DR02,San Francisco,0.0,N,True
V0447,P110,2023-08-27,J06.9,Acute Upper Respiratory Infection,Telehealth,male,47.0,Medicaid,DR03,,0.0,no,False
V0307,P075,2023-12-31,F41.1,Generalized Anxiety Disorder,Telehealth,NB,29.0,Uninsured,DR04,Riverside,86.0,Y,True
V0317,P077,2022-01-28,E78.5,Hyperlipidemia,Office Visit,M,78.0,Medicare,DR08,San Francisco,30.0,N,True
V0465,P115,2023-06-23,J45.909,Unspecified Asthma,Follow-Up,female,47.0,Medicaid,DR06,,0.0,0,False
V0373,P092,2023-10-02,E11.9,Type 2 Diabetes without complications,Follow-Up,Female,45.0,Medicaid,DR07,Los Angeles,0.0,YES,True
V0383,P095,2022-02-03,E78.5,Hyperlipidemia,Urgent Care,M,49.0,Private,DR03,San Francisco,37.0,1,True
V0334,P083,2022-02-05,E11.9,Type 2 Diabetes without complications,Telehealth,Other,67.0,Private,DR02,Sacramento,38.0,No,True
V0741,P185,2022-03-20,Z00.00,General Adult Medical Exam,Follow-Up,MALE,51.0,Medicaid,DR08,Los Angeles,5.0,No,True
V0257,P061,2023-01-14,F41.1,Generalized Anxiety Disorder,Office Visit,female,71.0,Private,DR08,,51.0,no,False
V0082,P018,2022-06-24,M54.5,Low Back Pain,Office Visit,MALE,72.0,Medicaid,DR05,San Diego,5.0,NO,True
V0693,P170,2023-10-16,,,Office Visit,M,31.0,Uninsured,DR05,,150.0,No,False
V0615,P150,2023-09-03,M54.5,Low Back Pain,Telehealth,F,30.0,Medicaid,DR07,San Diego,0.0,Y,True
V0178,P041,2022-02-22,I10,Essential Hypertension,Office Visit,male,81.0,Medicare,DR07,San Francisco,33.0,Yes,True
V0466,P115,2022-09-08,I10,Essential Hypertension,Telehealth,female,47.0,Medicaid,DR04,,0.0,1,False
V0038,P009,2023-03-15,N39.0,Urinary Tract Infection,Office Visit,MALE,82.0,Uninsured,DR04,,165.0,YES,False
V0098,P022,2022-10-23,I10,Essential Hypertension,Follow-Up,MALE,25.0,Self-Pay,DR05,Sacramento,141.0,No,True
V0534,P132,2022-04-25,,,Telehealth,Male,68.0,Self-Pay,DR02,,,1,False
V0203,P047,2023-04-23,M54.5,Low Back Pain,Office Visit,Female,56.0,Medicaid,DR02,Riverside,0.0,no,True
V0529,P131,2022-01-02,E78.5,Hyperlipidemia,Office Visit,MALE,68.0,Medicaid,DR07,,,No,False
V0237,P056,2022-08-13,E11.9,Type 2 Diabetes without complications,Office Visit,other,75.0,Medicaid,DR05,Fresno,0.0,Y,True
V0150,P034,2023-03-12,J06.9,Acute Upper Respiratory Infection,Office Visit,Female,31.0,Medicaid,DR04,Fresno,5.0,NO,True
V0544,P134,2023-04-29,E78.5,Hyperlipidemia,Follow-Up,Male,68.0,Private,DR03,,27.0,N,False
V0192,P044,2023-07-02,I10,Essential Hypertension,Office Visit,female,77.0,Medicare,DR01,Los Angeles,18.0,0,True
V0218,P051,2022-08-07,F32.9,Major Depressive Disorder,Follow-Up,Male,28.0,Medicare,DR02,Sacramento,,No,True
V0569,P139,2022-06-29,,,Telehealth,M,,Self-Pay,DR02,San Diego,74.0,0,True
V0744,P185,2023-02-11,F32.9,Major Depressive Disorder,Office Visit,MALE,51.0,Medicaid,DR03,Los Angeles,0.0,1,True
V0389,P096,2023-10-02,F32.9,Major Depressive Disorder,Follow-Up,M,68.0,Medicare,DR07,San Diego,21.0,no,True
V0055,P012,2022-09-01,F32.9,Major Depressive Disorder,Office Visit,Female,29.0,Medicare,DR03,San Diego,16.0,No,True
V0684,P167,2022-12-13,J45.909,Unspecified Asthma,Office Visit,F,57.0,Medicaid,DR02,San Francisco,5.0,0,True
V0260,P061,2022-08-06,J06.9,Acute Upper Respiratory Infection,Office Visit,female,71.0,Private,DR08,,49.0,yes,False
V0564,P138,2023-04-13,F41.1,Generalized Anxiety Disorder,Telehealth,female,25.0,Private,DR03,Orange,29.0,N,True
V0747,P186,2022-09-20,K21.0,GERD with Esophagitis,Office Visit,F,84.0,Private,DR06,San Francisco,57.0,N,True
V0265,P062,2023-05-19,I10,Essential Hypertension,Urgent Care,female,39.0,Self-Pay,DR04,Orange,99.0,yes,True
V0573,P140,2022-11-18,,,Telehealth,M,26.0,Medicare,DR02,,24.0,Y,False
V0194,P044,2022-08-28,F41.1,Generalized Anxiety Disorder,Telehealth,female,77.0,Medicare,DR04,Los Angeles,17.0,N,True
V0236,P055,2022-08-23,J45.909,Unspecified Asthma,Office Visit,m,61.0,Self-Pay,DR01,,112.0,N,False
V0678,P165,2022-04-29,F32.9,Major Depressive Disorder,Telehealth,F,79.0,Uninsured,DR08,Riverside,68.0,0,True
V0056,P012,2022-12-16,,,Office Visit,Female,29.0,Medicare,DR05,San Diego,20.0,yes,True
V0619,P151,2022-04-05,J06.9,Acute Upper Respiratory Infection,Office Visit,f,64.0,Medicare,DR03,Orange,16.0,NO,True
V0510,P126,2022-02-16,M54.5,Low Back Pain,Telehealth,M,58.0,Self-Pay,DR07,Los Angeles,132.0,N,True
V0142,P033,2022-11-21,R51,Headache,Follow-Up,male,,Medicare,DR01,Riverside,28.0,NO,True
V0708,P175,2023-04-05,M54.5,Low Back Pain,Telehealth,Male,,Medicaid,DR03,Sacramento,5.0,no,True
V0700,P172,2023-12-26,I10,Essential Hypertension,Urgent Care,female,51.0,Medicare,DR03,,30.0,NO,False
V0524,P130,2022-11-29,I10,Essential Hypertension,Office Visit,male,76.0,Medicaid,DR03,Sacramento,0.0,yes,True
V0759,P189,2023-11-19,J06.9,Acute Upper Respiratory Infection,Follow-Up,F,63.0,Commercial,DR08,San Francisco,27.0,no,True
V0121,P029,2023-10-28,Z23,Encounter for Immunization,Office Visit,female,71.0,Medicaid,DR08,,0.0,1,False
V0329,P081,2022-10-09,M54.5,Low Back Pain,Telehealth,m,75.0,Medicare,DR03,Riverside,28.0,NO,True
V0586,P144,2023-05-20,J45.909,Unspecified Asthma,Office Visit,m,32.0,Medicare,DR06,Riverside,,N,True
V0614,P150,2022-09-04,E78.5,Hyperlipidemia,Telehealth,F,30.0,Medicaid,DR02,San Diego,0.0,Yes,True
V0290,P070,2023-07-25,R51,Headache,Office Visit,other,61.0,Medicaid,DR05,Orange,,NO,True
V0004,P002,2022-09-21,Z23,Encounter for Immunization,Office Visit,Non-binary,37.0,Medicaid,DR08,,5.0,Yes,False
V0059,P012,2022-12-22,F32.9,Major Depressive Disorder,Office Visit,Female,29.0,Medicare,DR02,San Diego,15.0,No,True
V0224,P053,2022-10-02,I10,Essential Hypertension,Office Visit,f,85.0,Medicaid,DR02,,5.0,1,False
V0711,P176,2022-03-19,I10,Essential Hypertension,Office Visit,f,,Medicare,DR08,,27.0,No,False
V0102,P023,2022-04-25,E78.5,Hyperlipidemia,Office Visit,female,68.0,Self-Pay,DR01,San Francisco,112.0,YES,True
V0222,P052,2023-05-31,F32.9,Major Depressive Disorder,Urgent Care,M,56.0,Private,DR01,,22.0,no,False
V0610,P150,2022-06-30,I10,Essential Hypertension,Telehealth,F,30.0,Medicaid,DR01,San Diego,0.0,No,True
V0424,P103,2023-12-25,M54.5,Low Back Pain,Urgent Care,F,53.0,Private,DR05,San Francisco,37.0,no,True
V0053,P012,2022-06-09,F41.1,Generalized Anxiety Disorder,Office Visit,Female,29.0,Medicare,DR06,San Diego,40.0,NO,True
V0018,P005,2023-01-07,F32.9,Major Depressive Disorder,Urgent Care,Male,27.0,Medicare,DR01,Alameda,17.0,No,True
V0156,P035,2023-05-28,K21.0,GERD with Esophagitis,Telehealth,MALE,42.0,Medicaid,DR02,,0.0,No,False
V0548,P134,2022-07-09,Z00.00,General Adult Medical Exam,Office Visit,Male,68.0,Private,DR06,,40.0,Yes,False
V0249,P059,2022-01-29,Z23,Encounter for Immunization,Follow-Up,female,33.0,Medicaid,DR05,,5.0,0,False
V0250,P059,2023-02-05,I10,Essential Hypertension,Office Visit,female,33.0,Medicaid,DR01,,0.0,Y,False
V0675,P164,2023-01-25,F32.9,Major Depressive Disorder,Office Visit,F,77.0,Medicaid,DR06,,0.0,1,False
V0690,P169,2023-05-14,I10,Essential Hypertension,Telehealth,FEMALE,36.0,Medicaid,DR07,,5.0,Yes,False
V0031,P008,2023-08-05,E78.5,Hyperlipidemia,Office Visit,male,25.0,Private,DR07,Sacramento,56.0,Y,True
V0631,P153,2023-07-07,N39.0,Urinary Tract Infection,Office Visit,m,,Private,DR06,San Francisco,56.0,no,True
V0779,P193,2022-09-04,I10,Essential Hypertension,Telehealth,male,46.0,Medicare,DR02,,19.0,Y,False
V0118,P028,2022-03-03,J20.9,Acute Bronchitis,Follow-Up,F,55.0,Medicare,DR05,Riverside,33.0,no,True
V0448,P110,2023-07-04,K21.0,GERD with Esophagitis,Office Visit,male,47.0,Medicaid,DR07,,0.0,Yes,False
V0117,P028,2023-04-26,N39.0,Urinary Tract Infection,Telehealth,F,55.0,Medicare,DR07,Riverside,32.0,no,True
V0337,P083,2022-11-17,I10,Essential Hypertension,Office Visit,Other,67.0,Private,DR04,Sacramento,49.0,No,True
V0736,P183,2022-06-08,K21.0,GERD with Esophagitis,Urgent Care,FEMALE,56.0,Commercial,DR03,Fresno,53.0,N,True
V0028,P007,2022-03-03,N39.0,Urinary Tract Infection,Urgent Care,M,,Medicaid,DR07,Riverside,5.0,0,True
V0324,P080,2022-06-29,J20.9,Acute Bronchitis,Office Visit,M,57.0,Medicaid,DR06,Riverside,5.0,1,True
V0201,P046,2023-12-01,M54.5,Low Back Pain,Follow-Up,F,64.0,Commercial,DR02,,34.0,NO,False
V0716,P178,2022-01-10,F41.1,Generalized Anxiety Disorder,Office Visit,male,85.0,Medicaid,DR08,Riverside,0.0,Y,True
V0797,P200,2023-07-04,Z00.00,General Adult Medical Exam,Telehealth,FEMALE,,Medicare,DR03,Sacramento,35.0,Yes,True
V0646,P157,2023-02-05,I10,Essential Hypertension,Follow-Up,female,50.0,Medicaid,DR04,,5.0,0,False
V0382,P095,2022-11-24,R51,Headache,Office Visit,M,49.0,Private,DR08,San Francisco,48.0,Y,True
V0756,P188,2022-08-31,J06.9,Acute Upper Respiratory Infection,Office Visit,M,39.0,Commercial,DR01,San Diego,31.0,No,True
V0281,P067,2022-09-27,J06.9,Acute Upper Respiratory Infection,Follow-Up,female,23.0,Uninsured,DR06,San Diego,178.0,1,True
V0767,P191,2023-01-12,M54.5,Low Back Pain,Follow-Up,FEMALE,82.0,Medicare,DR07,,32.0,NO,False
V0617,P151,2023-09-18,I10,Essential Hypertension,Urgent Care,f,64.0,Medicare,DR08,Orange,28.0,no,True
V0208,P049,2023-04-04,N39.0,Urinary Tract Infection,Follow-Up,F,41.0,Medicaid,DR08,,0.0,N,False
V0643,P156,2022-11-04,N39.0,Urinary Tract Infection,Follow-Up,f,37.0,Medicaid,DR08,,0.0,Yes,False
V0024,P007,2022-05-28,N39.0,Urinary Tract Infection,Office Visit,M,,Medicaid,DR03,Riverside,0.0,NO,True
V0563,P138,2023-02-02,R51,Headache,Telehealth,female,25.0,Private,DR02,Orange,28.0,No,True
V0516,P128,2022-03-06,,,Telehealth,Female,83.0,Uninsured,DR04,Fresno,178.0,yes,True
V0155,P035,2022-11-21,F32.9,Major Depressive Disorder,Follow-Up,MALE,,Medicaid,DR08,,0.0,Yes,False
V0740,P185,2022-04-25,M54.5,Low Back Pain,Office Visit,MALE,51.0,Medicaid,DR08,Los Angeles,5.0,N,True
V0725,P181,2023-04-27,I10,Essential Hypertension,Telehealth,M,21.0,Medicaid,DR06,,0.0,no,False
V0724,P181,2023-09-05,Z23,Encounter for Immunization,Office Visit,M,21.0,Medicaid,DR08,,0.0,N,False
V0554,P136,2023-09-26,Z00.00,General Adult Medical Exam,Telehealth,MALE,79.0,Medicaid,DR06,Orange,0.0,NO,True
V0368,P092,2023-06-07,Z00.00,General Adult Medical Exam,Urgent Care,Female,45.0,Medicaid,DR01,Los Angeles,0.0,Y,True
V0454,P112,2022-05-08,I10,Essential Hypertension,Office Visit,Other,28.0,Private,DR01,,45.0,yes,False
V0625,P152,2023-05-22,Z23,Encounter for Immunization,Follow-Up,f,21.0,Private,DR03,Alameda,30.0,Yes,True
V0263,P062,2022-07-06,F41.1,Generalized Anxiety Disorder,Office Visit,female,39.0,Self-Pay,DR02,Orange,165.0,yes,True
V0083,P018,2023-03-07,K21.0,GERD with Esophagitis,Office Visit,MALE,72.0,Medicaid,DR04,San Diego,5.0,Y,True
V0404,P100,2022-07-03,E11.9,Type 2 Diabetes without complications,Office Visit,Female,39.0,Medicare,DR02,,18.0,yes,False
V0473,P118,2022-02-14,J20.9,Acute Bronchitis,Office Visit,f,80.0,Commercial,DR08,San Diego,58.0,Y,True
V0039,P009,2022-02-13,J06.9,Acute Upper Respiratory Infection,Follow-Up,MALE,82.0,Uninsured,DR03,,120.0,0,False
V0703,P173,2022-06-04,J45.909,Unspecified Asthma,Office Visit,MALE,79.0,Private,DR07,San Francisco,36.0,NO,True
V0011,P003,2023-11-02,E78.5,Hyperlipidemia,Follow-Up,female,68.0,Commercial,DR08,,,No,False
V0400,P099,2022-08-05,N39.0,Urinary Tract Infection,Office Visit,M,28.0,Medicaid,DR08,Fresno,5.0,0,True
V0320,P079,2022-11-15,I10,Essential Hypertension,Office Visit,MALE,25.0,Uninsured,DR05,Riverside,81.0,N,True
V0033,P008,2023-11-17,E78.5,Hyperlipidemia,Urgent Care,male,,Private,DR04,Sacramento,27.0,1,True
V0412,P101,2023-06-13,J06.9,Acute Upper Respiratory Infection,Office Visit,NB,75.0,Medicaid,DR02,,0.0,NO,False
V0552,P136,2022-11-05,Z23,Encounter for Immunization,Follow-Up,MALE,79.0,Medicaid,DR08,Orange,5.0,YES,True
V0282,P067,2023-03-09,N39.0,Urinary Tract Infection,Office Visit,female,23.0,Uninsured,DR04,San Diego,129.0,N,True
V0501,P124,2022-04-07,M54.5,Low Back Pain,Telehealth,other,71.0,Uninsured,DR05,Los Angeles,74.0,yes,True
V0728,P182,2022-06-28,,,Office Visit,F,85.0,Medicaid,DR08,Riverside,,NO,True
V0472,P118,2022-07-12,M54.5,Low Back Pain,Office Visit,f,80.0,Commercial,DR06,San Diego,57.0,N,True
V0735,P183,2023-03-15,J06.9,Acute Upper Respiratory Infection,Office Visit,FEMALE,56.0,Commercial,DR06,Fresno,58.0,YES,True
V0677,P165,2023-12-10,Z00.00,General Adult Medical Exam,Follow-Up,F,79.0,Uninsured,DR08,Riverside,142.0,N,True
V0090,P020,2022-03-11,J45.909,Unspecified Asthma,Follow-Up,female,33.0,Medicaid,DR04,Sacramento,0.0,no,True
V0214,P050,2023-11-09,E11.9,Type 2 Diabetes without complications,Follow-Up,F,49.0,Medicare,DR02,Alameda,23.0,no,True
V0322,P080,2022-02-27,J45.909,Unspecified Asthma,Office Visit,M,,Medicaid,DR06,Riverside,5.0,yes,True
V0680,P166,2022-11-14,,,Follow-Up,f,79.0,Private,DR04,,56.0,N,False
V0134,P032,2023-01-07,E78.5,Hyperlipidemia,Follow-Up,male,57.0,Medicare,DR06,Alameda,32.0,YES,True
V0347,P086,2022-05-17,M54.5,Low Back Pain,Urgent Care,Male,77.0,Medicare,DR05,Riverside,32.0,Yes,True
V0663,P161,2023-10-13,F41.1,Generalized Anxiety Disorder,Office Visit,f,33.0,Private,DR03,,31.0,YES,False
V0008,P002,2023-04-20,K21.0,GERD with Esophagitis,Office Visit,Non-binary,37.0,Medicaid,DR01,,5.0,0,False
V0709,P175,2023-04-14,Z00.00,General Adult Medical Exam,Urgent Care,Male,84.0,Medicaid,DR04,Sacramento,5.0,Y,True
V0409,P101,2022-03-14,N39.0,Urinary Tract Infection,Office Visit,NB,75.0,Medicaid,DR08,,0.0,Y,False
V0734,P183,2023-12-06,Z23,Encounter for Immunization,Follow-Up,FEMALE,,Commercial,DR02,Fresno,,N,True
V0188,P042,2022-11-02,J06.9,Acute Upper Respiratory Infection,Follow-Up,F,72.0,Medicaid,DR02,,5.0,0,False
V0123,P029,2023-04-17,E78.5,Hyperlipidemia,Office Visit,female,71.0,Medicaid,DR04,,5.0,YES,False
V0041,P010,2022-01-10,K21.0,GERD with Esophagitis,Telehealth,f,45.0,Private,DR06,Sacramento,24.0,NO,True
V0305,P074,2023-03-03,I10,Essential Hypertension,Office Visit,MALE,26.0,Medicaid,DR03,Los Angeles,0.0,No,True
V0468,P116,2022-05-01,UNKNOWN,Unknown,Office Visit,F,47.0,Medicaid,DR02,San Francisco,5.0,No,True
V0173,P040,2023-02-01,E11.9,Type 2 Diabetes without complications,Office Visit,m,44.0,Medicare,DR02,Fresno,33.0,Y,True
V0285,P068,2023-12-09,E11.9,Type 2 Diabetes without complications,Telehealth,Female,27.0,Commercial,DR04,Los Angeles,39.0,No,True
V0715,P177,2023-08-17,E11.9,Type 2 Diabetes without complications,Follow-Up,female,44.0,Medicaid,DR07,San Diego,0.0,1,True
V0241,P057,2022-04-14,M54.5,Low Back Pain,Office Visit,FEMALE,54.0,Self-Pay,DR05,Sacramento,125.0,NO,True
V0588,P144,2022-03-20,J06.9,Acute Upper Respiratory Infection,Follow-Up,m,32.0,Medicare,DR07,Riverside,32.0,Y,True
V0455,P112,2022-06-13,J20.9,Acute Bronchitis,Urgent Care,Other,28.0,Private,DR03,,58.0,0,False
V0770,P191,2022-01-16,M79.3,Panniculitis,Follow-Up,FEMALE,82.0,Medicare,DR05,,16.0,YES,False
V0568,P138,2023-04-30,J20.9,Acute Bronchitis,Telehealth,female,25.0,Private,DR04,Orange,33.0,Yes,True
V0246,P058,2022-09-02,R51,Headache,Follow-Up,FEMALE,27.0,Self-Pay,DR03,San Diego,,no,True
V0057,P012,2022-07-04,I10,Essential Hypertension,Follow-Up,Female,29.0,Medicare,DR04,San Diego,,1,True
V0397,P097,2022-09-27,I10,Essential Hypertension,Office Visit,Female,68.0,Uninsured,DR05,Orange,168.0,yes,True
V0072,P015,2023-04-26,F32.9,Major Depressive Disorder,Office Visit,female,26.0,Medicaid,DR04,Alameda,0.0,1,True
V0606,P148,2023-05-14,J45.909,Unspecified Asthma,Follow-Up,FEMALE,18.0,Medicaid,DR07,Los Angeles,0.0,Y,True
V0146,P034,2022-04-03,J20.9,Acute Bronchitis,Telehealth,Female,31.0,Medicaid,DR01,Fresno,5.0,No,True
V0091,P020,2022-06-24,E11.9,Type 2 Diabetes without complications,Office Visit,female,33.0,Medicaid,DR05,Sacramento,0.0,1,True
V0167,P039,,E78.5,Hyperlipidemia,Telehealth,f,25.0,Medicaid,DR05,Fresno,0.0,1,True
V0492,P123,2022-07-10,J06.9,Acute Upper Respiratory Infection,Urgent Care,Male,36.0,Medicaid,DR04,San Francisco,0.0,NO,True
V0171,P039,2023-03-01,E11.9,Type 2 Diabetes without complications,Urgent Care,f,25.0,Medicaid,DR01,Fresno,0.0,no,True
V0311,P076,2023-10-17,E78.5,Hyperlipidemia,Urgent Care,male,52.0,Uninsured,DR07,Fresno,112.0,yes,True
V0668,P163,2022-01-12,J45.909,Unspecified Asthma,Office Visit,female,80.0,Private,DR04,Los Angeles,59.0,No,True
V0360,P089,2023-08-28,E11.9,Type 2 Diabetes without complications,Follow-Up,Female,32.0,Medicaid,DR08,Alameda,5.0,0,True
V0094,P021,2023-01-12,Z00.00,General Adult Medical Exam,Office Visit,Other,46.0,Commercial,DR07,Los Angeles,60.0,yes,True
V0481,P121,2023-03-08,J45.909,Unspecified Asthma,Telehealth,female,54.0,Medicaid,DR07,Alameda,0.0,1,True
V0706,P174,2022-11-18,Z23,Encounter for Immunization,Telehealth,FEMALE,38.0,Medicaid,DR06,Orange,5.0,yes,True
V0762,P189,2023-08-05,Z00.00,General Adult Medical Exam,Telehealth,F,63.0,Commercial,DR03,San Francisco,29.0,0,True
V0377,P094,,M54.5,Low Back Pain,Follow-Up,female,34.0,Medicaid,DR06,,0.0,NO,False
V0244,P058,2022-09-16,R51,Headache,Follow-Up,FEMALE,27.0,Self-Pay,DR06,San Diego,147.0,yes,True
V0088,P019,2023-08-20,J06.9,Acute Upper Respiratory Infection,Office Visit,F,25.0,Medicare,DR07,San Diego,,0,True
V0215,P050,2022-09-23,Z00.00,General Adult Medical Exam,Follow-Up,F,49.0,Medicare,DR05,Alameda,26.0,Yes,True
V0345,P085,2022-04-15,I10,Essential Hypertension,Urgent Care,Other,20.0,Commercial,DR06,Orange,44.0,N,True
V0174,P040,2023-11-29,M79.3,Panniculitis,Follow-Up,m,44.0,Medicare,DR01,Fresno,32.0,1,True
V0639,P155,2022-12-31,M79.3,Panniculitis,Follow-Up,F,66.0,Medicare,DR08,,23.0,NO,False
V0292,P071,2023-03-13,N39.0,Urinary Tract Infection,Office Visit,F,62.0,Commercial,DR04,Alameda,49.0,YES,True
V0624,P152,2022-05-07,I10,Essential Hypertension,Office Visit,f,,Private,DR08,Alameda,28.0,no,True
V0119,P029,2023-10-11,I10,Essential Hypertension,Follow-Up,female,71.0,Medicaid,DR08,,,NO,False
V0120,P029,2022-09-04,J45.909,Unspecified Asthma,Telehealth,female,71.0,Medicaid,DR02,,0.0,0,False
V0164,P037,2023-04-17,J06.9,Acute Upper Respiratory Infection,Telehealth,Female,30.0,Self-Pay,DR06,Fresno,147.0,no,True
V0792,P199,2023-07-15,E78.5,Hyperlipidemia,Urgent Care,female,84.0,Medicaid,DR08,Orange,0.0,yes,True
V0385,P095,2022-03-15,E11.9,Type 2 Diabetes without complications,Telehealth,M,49.0,Private,DR01,San Francisco,30.0,NO,True
V0423,P103,2023-08-10,M54.5,Low Back Pain,Telehealth,F,53.0,Private,DR04,San Francisco,38.0,1,True
V0395,P097,2022-04-15,F32.9,Major Depressive Disorder,Telehealth,Female,68.0,Uninsured,DR04,Orange,196.0,Y,True
V0402,P099,2022-05-27,F32.9,Major Depressive Disorder,Office Visit,M,28.0,Medicaid,DR05,Fresno,0.0,0,True
V0405,P100,2022-07-24,M54.5,Low Back Pain,Telehealth,Female,39.0,Medicare,DR07,,31.0,Y,False
V0474,P118,2022-10-05,F32.9,Major Depressive Disorder,Telehealth,f,80.0,Commercial,DR04,San Diego,35.0,0,True
V0490,P123,2022-02-19,J20.9,Acute Bronchitis,Follow-Up,Male,36.0,Medicaid,DR03,San Francisco,5.0,YES,True
V0163,P037,2022-05-26,Z00.00,General Adult Medical Exam,Urgent Care,Female,30.0,Self-Pay,DR06,Fresno,184.0,YES,True
V0321,P080,2022-06-02,Z00.00,General Adult Medical Exam,Follow-Up,M,57.0,Medicaid,DR08,Riverside,5.0,Yes,True
V0115,P027,2023-03-27,E78.5,Hyperlipidemia,Office Visit,M,35.0,Private,DR01,Los Angeles,22.0,0,True
V0159,P036,2023-02-24,J20.9,Acute Bronchitis,Follow-Up,F,65.0,Commercial,DR04,,58.0,0,False
V0151,P034,2022-04-01,J20.9,Acute Bronchitis,Office Visit,Female,31.0,Medicaid,DR03,Fresno,0.0,no,True
V0432,P106,2023-09-10,Z00.00,General Adult Medical Exam,Office Visit,male,53.0,Medicaid,DR04,Los Angeles,5.0,N,True
V0739,P184,2022-03-21,,,Telehealth,m,29.0,Medicare,DR02,Los Angeles,33.0,Y,True
V0676,P164,2022-01-14,I10,Essential Hypertension,Follow-Up,F,77.0,Medicaid,DR02,,0.0,YES,False
V0369,P092,2022-05-10,Z23,Encounter for Immunization,Office Visit,Female,45.0,Medicaid,DR04,Los Angeles,0.0,No,True
V0032,P008,2023-11-07,E11.9,Type 2 Diabetes without complications,Telehealth,male,25.0,Private,DR02,Sacramento,25.0,Yes,True
V0378,P094,2022-07-22,,,Telehealth,female,34.0,Medicaid,DR07,,0.0,no,False
V0511,P126,2023-04-01,F32.9,Major Depressive Disorder,Office Visit,M,58.0,Self-Pay,DR08,Los Angeles,105.0,Y,True
V0021,P006,2023-07-23,Z23,Encounter for Immunization,Office Visit,Non-binary,30.0,Medicare,DR03,,30.0,yes,False
V0114,P027,2023-05-27,F41.1,Generalized Anxiety Disorder,Office Visit,M,35.0,Private,DR02,Los Angeles,29.0,yes,True
V0699,P172,2023-08-22,M54.5,Low Back Pain,Telehealth,female,51.0,Medicare,DR01,,15.0,Yes,False
V0001,P001,2022-04-23,I10,Essential Hypertension,Follow-Up,M,59.0,Medicare,DR02,Sacramento,35.0,yes,True
V0519,P129,2022-12-13,K21.0,GERD with Esophagitis,Telehealth,Female,24.0,Medicaid,DR06,,0.0,yes,False
V0687,P168,2023-11-16,E11.9,Type 2 Diabetes without complications,Office Visit,F,28.0,Medicaid,DR05,Alameda,0.0,NO,True
V0768,P191,2022-07-25,Z00.00,General Adult Medical Exam,Office Visit,FEMALE,82.0,Medicare,DR04,,33.0,Y,False
V0438,P107,2023-06-04,J45.909,Unspecified Asthma,Telehealth,Male,71.0,Private,DR04,Riverside,29.0,Y,True
V0539,P133,2023-12-12,Z00.00,General Adult Medical Exam,Office Visit,Non-binary,69.0,Commercial,DR03,,59.0,no,False
V0259,P061,2023-06-06,J06.9,Acute Upper Respiratory Infection,Telehealth,female,71.0,Private,DR07,,,Y,False
V0781,P194,2022-11-05,M54.5,Low Back Pain,Telehealth,M,,Uninsured,DR08,Los Angeles,94.0,YES,True
V0315,P077,2022-02-12,Z00.00,General Adult Medical Exam,Telehealth,M,78.0,Medicare,DR07,San Francisco,34.0,N,True
V0685,P167,2022-08-16,J45.909,Unspecified Asthma,Office Visit,F,57.0,Medicaid,DR08,San Francisco,0.0,NO,True
V0136,P032,2022-06-22,F32.9,Major Depressive Disorder,Office Visit,male,57.0,Medicare,DR05,Alameda,23.0,NO,True
V0542,P133,2022-01-21,J20.9,Acute Bronchitis,Telehealth,Non-binary,69.0,Commercial,DR05,,43.0,Y,False
V0005,P002,2023-09-25,J06.9,Acute Upper Respiratory Infection,Follow-Up,Non-binary,37.0,Medicaid,DR06,,5.0,YES,False
V0478,P120,2023-05-05,E11.9,Type 2 Diabetes without complications,Follow-Up,Non-binary,51.0,Medicaid,DR07,,0.0,No,False
V0325,P080,2023-07-15,E78.5,Hyperlipidemia,Office Visit,M,57.0,Medicaid,DR01,Riverside,5.0,0,True
V0331,P082,2023-05-21,Z23,Encounter for Immunization,Office Visit,f,54.0,Medicaid,DR05,San Francisco,0.0,1,True
V0443,P109,2023-08-25,I10,Essential Hypertension,Follow-Up,Female,66.0,Medicaid,DR06,Fresno,5.0,N,True
V0340,P084,2022-07-02,J06.9,Acute Upper Respiratory Infection,Follow-Up,other,62.0,Medicaid,DR04,Los Angeles,0.0,YES,True
V0298,P072,2023-11-03,Z23,Encounter for Immunization,Office Visit,MALE,81.0,Medicaid,DR03,,0.0,Y,False
V0081,P018,2023-08-11,F32.9,Major Depressive Disorder,Follow-Up,MALE,72.0,Medicaid,DR08,San Diego,0.0,0,True
V0645,P157,2023-09-29,F41.1,Generalized Anxiety Disorder,Office Visit,female,50.0,Medicaid,DR08,,5.0,NO,False
V0027,P007,2022-02-11,I10,Essential Hypertension,Follow-Up,M,,Medicaid,DR01,Riverside,0.0,Yes,True
V0532,P132,2022-01-17,Z23,Encounter for Immunization,Follow-Up,Male,68.0,Self-Pay,DR03,,,no,False
V0217,P051,2022-12-16,Z23,Encounter for Immunization,Office Visit,Male,28.0,Medicare,DR06,Sacramento,20.0,1,True
V0602,P148,2023-05-03,Z00.00,General Adult Medical Exam,Office Visit,FEMALE,18.0,Medicaid,DR02,Los Angeles,0.0,NO,True
V0344,P085,2023-08-06,J20.9,Acute Bronchitis,Office Visit,Other,20.0,Commercial,DR06,Orange,57.0,1,True
V0692,P169,2022-11-25,E11.9,Type 2 Diabetes without complications,Follow-Up,FEMALE,36.0,Medicaid,DR06,,5.0,no,False
V0504,P125,2023-04-06,M54.5,Low Back Pain,Office Visit,Male,65.0,Medicare,DR05,Fresno,,yes,True
V0365,P091,2023-11-18,F32.9,Major Depressive Disorder,Follow-Up,f,25.0,Private,DR06,Sacramento,41.0,No,True
V0502,P124,2023-03-08,E11.9,Type 2 Diabetes without complications,Office Visit,other,71.0,Uninsured,DR05,Los Angeles,81.0,Yes,True
V0148,P034,2023-02-03,I10,Essential Hypertension,Office Visit,Female,31.0,Medicaid,DR02,Fresno,5.0,yes,True
V0015,P004,2023-04-19,J20.9,Acute Bronchitis,Office Visit,Female,24.0,Medicare,DR04,,30.0,No,False
V0175,P040,2023-10-04,I10,Essential Hypertension,Office Visit,m,44.0,Medicare,DR01,Fresno,20.0,YES,True
V0087,P019,2022-03-05,N39.0,Urinary Tract Infection,Office Visit,F,25.0,Medicare,DR03,San Diego,37.0,Y,True
V0371,P092,2023-03-28,E11.9,Type 2 Diabetes without complications,Urgent Care,Female,45.0,Medicaid,DR01,Los Angeles,0.0,No,True
V0166,P038,2023-05-05,J20.9,Acute Bronchitis,Follow-Up,f,26.0,Medicare,DR03,,15.0,1,False
V0712,P176,2022-12-17,M54.5,Low Back Pain,Telehealth,f,20.0,Medicare,DR03,,17.0,0,False
V0336,P083,2022-03-04,F41.1,Generalized Anxiety Disorder,Office Visit,Other,67.0,Private,DR02,Sacramento,60.0,no,True
V0701,P172,2023-12-16,I10,Essential Hypertension,Follow-Up,female,51.0,Medicare,DR05,,15.0,YES,False
V0535,P132,2022-08-15,N39.0,Urinary Tract Infection,Follow-Up,Male,68.0,Self-Pay,DR01,,182.0,0,False
V0165,P038,2023-01-01,I10,Essential Hypertension,Follow-Up,f,26.0,Medicare,DR05,,29.0,YES,False
V0355,P088,2023-03-18,I10,Essential Hypertension,Office Visit,male,39.0,Commercial,DR01,,54.0,Y,False
V0514,P127,2022-07-10,E11.9,Type 2 Diabetes without complications,Follow-Up,MALE,34.0,Medicaid,DR08,Alameda,0.0,1,True
V0425,P103,2022-04-23,F32.9,Major Depressive Disorder,Telehealth,F,53.0,Private,DR04,San Francisco,28.0,YES,True
V0293,P071,2023-01-31,R51,Headache,Office Visit,F,62.0,Commercial,DR05,Alameda,49.0,Yes,True
V0042,P010,2023-08-27,F41.1,Generalized Anxiety Disorder,Office Visit,f,45.0,Private,DR02,Sacramento,31.0,1,True
V0362,P090,2022-10-10,E78.5,Hyperlipidemia,Follow-Up,m,81.0,Uninsured,DR06,Riverside,182.0,0,True
V0330,P082,2022-05-17,F32.9,Major Depressive Disorder,Office Visit,f,54.0,Medicaid,DR07,San Francisco,0.0,N,True
V0550,P136,2023-07-28,M54.5,Low Back Pain,Urgent Care,MALE,79.0,Medicaid,DR03,Orange,5.0,N,True
V0430,P105,2022-04-11,Z00.00,General Adult Medical Exam,Follow-Up,female,73.0,Medicaid,DR07,Orange,5.0,1,True
V0080,P018,2023-02-03,Z00.00,General Adult Medical Exam,Office Visit,MALE,72.0,Medicaid,DR08,San Diego,0.0,N,True
V0570,P139,2022-07-20,J20.9,Acute Bronchitis,Telehealth,M,42.0,Self-Pay,DR02,San Diego,75.0,N,True
V0029,P008,2023-10-03,UNKNOWN,Unknown,Office Visit,male,25.0,Private,DR01,Sacramento,46.0,N,True
V0426,P103,2023-05-09,I10,Essential Hypertension,Telehealth,F,53.0,Private,DR01,San Francisco,31.0,Y,True
V0512,P127,2023-11-14,K21.0,GERD with Esophagitis,Urgent Care,MALE,34.0,Medicaid,DR04,Alameda,0.0,YES,True
V0543,P134,2022-09-27,K21.0,GERD with Esophagitis,Office Visit,Male,68.0,Private,DR01,,52.0,no,False
V0594,P145,2023-10-07,K21.0,GERD with Esophagitis,Telehealth,female,61.0,Medicaid,DR02,,0.0,No,False
V0323,P080,2023-11-20,I10,Essential Hypertension,Office Visit,M,57.0,Medicaid,DR06,Riverside,0.0,yes,True
V0238,P057,2023-06-26,F41.1,Generalized Anxiety Disorder,Telehealth,FEMALE,54.0,Self-Pay,DR02,Sacramento,180.0,N,True
V0379,P094,2022-03-01,I10,Essential Hypertension,Office Visit,female,34.0,Medicaid,DR07,,,No,False
V0255,P060,2022-06-30,R51,Headache,Office Visit,Female,83.0,Medicaid,DR06,Orange,0.0,No,True
V0604,P148,2023-01-19,,,Telehealth,FEMALE,18.0,Medicaid,DR07,Los Angeles,0.0,1,True
V0459,P114,2022-08-03,F32.9,Major Depressive Disorder,Urgent Care,female,37.0,Commercial,DR04,,40.0,YES,False
V0794,P200,2022-10-22,Z00.00,General Adult Medical Exam,Office Visit,FEMALE,81.0,Medicare,DR07,Sacramento,34.0,no,True
V0384,P095,2022-03-31,E11.9,Type 2 Diabetes without complications,Telehealth,M,49.0,Private,DR03,San Francisco,32.0,0,True
V0314,P076,2023-01-28,Z00.00,General Adult Medical Exam,Telehealth,male,52.0,Uninsured,DR07,Fresno,135.0,no,True
V0085,P018,2022-01-16,R51,Headache,Office Visit,MALE,72.0,Medicaid,DR08,San Diego,5.0,0,True
V0063,P013,2023-12-17,J45.909,Unspecified Asthma,Office Visit,F,,Medicare,DR08,Los Angeles,31.0,YES,True
V0790,P197,2022-09-06,J45.909,Unspecified Asthma,Telehealth,m,,Self-Pay,DR05,Sacramento,191.0,no,True
V0137,P032,2023-08-22,E11.9,Type 2 Diabetes without complications,Office Visit,male,57.0,Medicare,DR08,Alameda,26.0,N,True
V0112,P026,2023-10-16,M54.5,Low Back Pain,Follow-Up,m,23.0,Medicare,DR02,,40.0,1,False
V0195,P045,2022-03-28,Z23,Encounter for Immunization,Telehealth,MALE,76.0,Medicare,DR01,,25.0,yes,False
V0341,P084,2023-01-07,J45.909,Unspecified Asthma,Urgent Care,other,62.0,Medicaid,DR04,Los Angeles,5.0,No,True
V0179,P041,2023-08-30,N39.0,Urinary Tract Infection,Telehealth,male,81.0,Medicare,DR04,San Francisco,,Y,True
V0592,P144,2023-07-25,F41.1,Generalized Anxiety Disorder,Follow-Up,m,,Medicare,DR02,Riverside,,NO,True
V0348,P086,2022-11-13,I10,Essential Hypertension,Telehealth,Male,77.0,Medicare,DR08,Riverside,28.0,N,True
V0458,P114,2022-01-11,N39.0,Urinary Tract Infection,Follow-Up,female,37.0,Commercial,DR07,,60.0,Yes,False
V0497,P124,2022-04-24,Z00.00,General Adult Medical Exam,Office Visit,other,71.0,Uninsured,DR06,Los Angeles,181.0,yes,True
V0681,P166,2023-03-31,Z23,Encounter for Immunization,Telehealth,f,79.0,Private,DR02,,38.0,no,False
V0505,P125,2023-07-22,E11.9,Type 2 Diabetes without complications,Office Visit,Male,65.0,Medicare,DR03,Fresno,22.0,yes,True
V0294,P072,2023-06-10,R51,Headache,Follow-Up,MALE,81.0,Medicaid,DR05,,5.0,No,False
V0130,P031,2022-12-04,F41.1,Generalized Anxiety Disorder,Office Visit,female,33.0,Medicaid,DR01,Orange,0.0,yes,True
V0732,P183,2022-10-25,F32.9,Major Depressive Disorder,Telehealth,FEMALE,56.0,Commercial,DR01,Fresno,60.0,Yes,True
V0338,P083,2023-07-22,R51,Headache,Telehealth,Other,67.0,Private,DR03,Sacramento,50.0,0,True
V0219,P051,2022-10-08,J45.909,Unspecified Asthma,Follow-Up,Male,28.0,Medicare,DR03,Sacramento,22.0,0,True
V0097,P022,2022-08-26,E11.9,Type 2 Diabetes without complications,Office Visit,MALE,25.0,Self-Pay,DR02,Sacramento,193.0,NO,True
V0125,P030,2022-12-30,E78.5,Hyperlipidemia,Office Visit,male,36.0,Medicare,DR01,Orange,23.0,1,True
V0769,P191,2022-11-08,N39.0,Urinary Tract Infection,Follow-Up,FEMALE,82.0,Medicare,DR06,,26.0,N,False
V0227,P053,2022-07-22,Z23,Encounter for Immunization,Follow-Up,f,85.0,Medicaid,DR04,,5.0,NO,False
V0269,P063,2022-10-03,F41.1,Generalized Anxiety Disorder,Telehealth,MALE,61.0,Medicaid,DR07,Fresno,0.0,N,True
V0783,P195,2023-03-26,K21.0,GERD with Esophagitis,Follow-Up,m,48.0,Commercial,DR04,,36.0,yes,False
V0104,P023,2023-12-06,F32.9,Major Depressive Disorder,Telehealth,female,68.0,Self-Pay,DR04,San Francisco,159.0,No,True
V0691,P169,2023-11-30,M79.3,Panniculitis,Office Visit,FEMALE,36.0,Medicaid,DR06,,0.0,no,False
V0228,P053,2023-09-20,Z23,Encounter for Immunization,Office Visit,f,85.0,Medicaid,DR04,,,0,False
V0714,P177,2022-02-19,Z23,Encounter for Immunization,Office Visit,female,44.0,Medicaid,DR06,San Diego,5.0,No,True
V0302,P074,2022-12-27,F41.1,Generalized Anxiety Disorder,Urgent Care,MALE,26.0,Medicaid,DR02,Los Angeles,0.0,Yes,True
V0276,P066,2023-05-09,K21.0,GERD with Esophagitis,Office Visit,Male,71.0,Private,DR07,,43.0,NO,False
V0127,P030,2023-08-19,M54.5,Low Back Pain,Office Visit,male,,Medicare,DR08,Orange,,Yes,True
V0406,P100,2022-07-27,J45.909,Unspecified Asthma,Telehealth,Female,39.0,Medicare,DR06,,19.0,Yes,False
V0719,P179,2022-12-27,F32.9,Major Depressive Disorder,Urgent Care,Male,64.0,Private,DR08,Los Angeles,57.0,no,True
V0037,P009,2022-10-06,Z00.00,General Adult Medical Exam,Office Visit,MALE,82.0,Uninsured,DR01,,135.0,N,False
V0140,P032,2023-07-04,M54.5,Low Back Pain,Follow-Up,male,57.0,Medicare,DR01,Alameda,21.0,N,True
V0304,P074,2023-06-12,F32.9,Major Depressive Disorder,Office Visit,MALE,26.0,Medicaid,DR01,Los Angeles,0.0,no,True
V0268,P063,2022-02-28,I10,Essential Hypertension,Office Visit,MALE,61.0,Medicaid,DR02,Fresno,5.0,NO,True
V0213,P050,2023-01-30,E11.9,Type 2 Diabetes without complications,Office Visit,F,49.0,Medicare,DR08,Alameda,31.0,NO,True
V0469,P117,2023-05-06,J45.909,Unspecified Asthma,Follow-Up,FEMALE,19.0,Medicaid,DR06,,0.0,No,False
V0199,P046,2023-11-28,F41.1,Generalized Anxiety Disorder,Office Visit,F,64.0,Commercial,DR05,,57.0,N,False
V0528,P131,2022-05-27,Z00.00,General Adult Medical Exam,Office Visit,MALE,68.0,Medicaid,DR02,,0.0,no,False
V0641,P155,2023-07-03,,,Urgent Care,F,66.0,Medicare,DR08,,17.0,Y,False
V0242,P057,2022-04-27,,,Follow-Up,FEMALE,54.0,Self-Pay,DR04,Sacramento,183.0,0,True
V0343,P084,2022-08-31,Z00.00,General Adult Medical Exam,Office Visit,other,62.0,Medicaid,DR02,Los Angeles,0.0,N,True
V0387,P096,2022-05-27,E78.5,Hyperlipidemia,Follow-Up,M,68.0,Medicare,DR07,San Diego,40.0,No,True
V0695,P170,2022-09-10,J45.909,Unspecified Asthma,Office Visit,M,,Uninsured,DR03,,108.0,1,False
V0207,P048,2023-01-06,E78.5,Hyperlipidemia,Follow-Up,f,49.0,Medicaid,DR01,San Francisco,5.0,Y,True
V0296,P072,2022-02-08,Z23,Encounter for Immunization,Office Visit,MALE,,Medicaid,DR05,,0.0,no,False
V0620,P151,2023-04-01,I10,Essential Hypertension,Office Visit,f,64.0,Medicare,DR02,Orange,36.0,N,True
V0074,P016,2023-11-05,Z00.00,General Adult Medical Exam,Telehealth,female,48.0,Private,DR06,,26.0,No,False
V0105,P023,2023-07-27,Z00.00,General Adult Medical Exam,Office Visit,female,68.0,Self-Pay,DR04,San Francisco,189.0,No,True
V0733,P183,2023-03-16,J45.909,Unspecified Asthma,Urgent Care,FEMALE,56.0,Commercial,DR05,Fresno,26.0,Y,True
V0772,P192,2023-04-25,,,Telehealth,NB,60.0,Medicare,DR02,,,N,False
V0017,P005,2022-07-10,M54.5,Low Back Pain,Office Visit,Male,27.0,Medicare,DR06,Alameda,22.0,yes,True
V0440,P107,2022-09-15,M79.3,Panniculitis,Telehealth,Male,71.0,Private,DR06,Riverside,29.0,N,True
V0092,P020,2022-05-07,F41.1,Generalized Anxiety Disorder,Follow-Up,female,33.0,Medicaid,DR04,Sacramento,0.0,Yes,True
V0089,P019,2022-09-02,UNKNOWN,Unknown,Office Visit,F,25.0,Medicare,DR03,San Diego,,no,True
V0451,P111,2023-03-13,R51,Headache,Office Visit,M,37.0,Uninsured,DR08,Los Angeles,,0,True
V0103,P023,2022-03-30,I10,Essential Hypertension,Follow-Up,female,68.0,Self-Pay,DR04,San Francisco,121.0,yes,True
V0239,P057,2022-03-29,,,Telehealth,FEMALE,54.0,Self-Pay,DR01,Sacramento,189.0,N,True
V0582,P142,2022-03-25,Z00.00,General Adult Medical Exam,Follow-Up,M,,Private,DR03,San Diego,51.0,YES,True
V0247,P059,2022-06-14,M54.5,Low Back Pain,Telehealth,female,33.0,Medicaid,DR07,,5.0,N,False
V0653,P158,2022-08-22,E78.5,Hyperlipidemia,Follow-Up,M,62.0,Medicaid,DR03,Riverside,0.0,1,True
V0158,P036,2022-10-16,UNKNOWN,Unknown,Office Visit,F,65.0,Commercial,DR05,,45.0,no,False
V0480,P121,2023-06-13,Z23,Encounter for Immunization,Telehealth,female,54.0,Medicaid,DR05,Alameda,,no,True
V0683,P167,2022-02-21,J06.9,Acute Upper Respiratory Infection,Office Visit,F,57.0,Medicaid,DR07,San Francisco,0.0,No,True
V0665,P162,2022-02-01,J06.9,Acute Upper Respiratory Infection,Office Visit,M,32.0,Private,DR07,Los Angeles,22.0,NO,True
V0019,P005,2023-11-05,Z00.00,General Adult Medical Exam,Office Visit,Male,27.0,Medicare,DR05,Alameda,23.0,No,True
V0572,P139,2023-08-15,F41.1,Generalized Anxiety Disorder,Urgent Care,M,42.0,Self-Pay,DR07,San Diego,,0,True
V0122,P029,2023-08-04,K21.0,GERD with Esophagitis,Follow-Up,female,71.0,Medicaid,DR08,,0.0,N,False
V0571,P139,2023-01-23,Z23,Encounter for Immunization,Office Visit,M,42.0,Self-Pay,DR01,San Diego,198.0,yes,True
V0275,P065,2023-02-20,F41.1,Generalized Anxiety Disorder,Telehealth,FEMALE,80.0,Medicaid,DR08,Fresno,5.0,1,True
V0434,P106,2023-12-20,,,Follow-Up,male,53.0,Medicaid,DR01,Los Angeles,5.0,yes,True
V0723,P181,2023-12-14,Z23,Encounter for Immunization,Telehealth,M,21.0,Medicaid,DR04,,5.0,yes,False
V0312,P076,2023-10-13,M54.5,Low Back Pain,Telehealth,male,52.0,Uninsured,DR04,Fresno,200.0,No,True
V0612,P150,2023-02-11,J20.9,Acute Bronchitis,Follow-Up,F,30.0,Medicaid,DR04,San Diego,0.0,Y,True
V0674,P164,2023-05-13,M79.3,Panniculitis,Follow-Up,F,77.0,Medicaid,DR06,,,1,False
V0547,P134,2023-06-27,I10,Essential Hypertension,Office Visit,Male,68.0,Private,DR03,,60.0,Yes,False
V0182,P041,2023-12-04,E78.5,Hyperlipidemia,Office Visit,male,81.0,Medicare,DR03,San Francisco,16.0,Yes,True
V0185,P042,2022-08-04,I10,Essential Hypertension,Urgent Care,F,72.0,Medicaid,DR02,,0.0,yes,False
V0407,P101,2023-03-03,F41.1,Generalized Anxiety Disorder,Office Visit,NB,75.0,Medicaid,DR05,,5.0,N,False
V0521,P129,2022-01-26,J45.909,Unspecified Asthma,Telehealth,Female,24.0,Medicaid,DR03,,0.0,1,False
V0381,P094,2023-05-10,F41.1,Generalized Anxiety Disorder,Telehealth,female,34.0,Medicaid,DR05,,0.0,1,False
V0411,P101,2023-05-24,J45.909,Unspecified Asthma,Office Visit,NB,75.0,Medicaid,DR01,,0.0,1,False
V0370,P092,2022-09-04,J06.9,Acute Upper Respiratory Infection,Telehealth,Female,45.0,Medicaid,DR02,Los Angeles,0.0,0,True
V0657,P160,2023-12-13,UNKNOWN,Unknown,Office Visit,NB,78.0,Medicaid,DR03,,5.0,0,False
V0608,P149,2023-01-31,E11.9,Type 2 Diabetes without complications,Telehealth,m,37.0,Medicare,DR01,Alameda,24.0,no,True
V0079,P018,2022-01-11,I10,Essential Hypertension,Office Visit,MALE,72.0,Medicaid,DR05,San Diego,5.0,no,True
V0574,P140,2023-05-27,Z00.00,General Adult Medical Exam,Office Visit,M,26.0,Medicare,DR03,,24.0,No,False
V0642,P155,2022-06-08,J45.909,Unspecified Asthma,Telehealth,F,66.0,Medicare,DR03,,18.0,0,False
V0795,P200,2022-01-17,J06.9,Acute Upper Respiratory Infection,Follow-Up,FEMALE,81.0,Medicare,DR05,Sacramento,28.0,No,True
V0670,P163,2022-11-24,I10,Essential Hypertension,Office Visit,female,80.0,Private,DR07,Los Angeles,58.0,1,True
V0743,P185,2022-02-24,E78.5,Hyperlipidemia,Telehealth,MALE,51.0,Medicaid,DR01,Los Angeles,0.0,NO,True
V0417,P102,2022-03-25,Z23,Encounter for Immunization,Follow-Up,Female,69.0,Uninsured,DR03,Sacramento,142.0,yes,True
V0598,P146,2023-06-18,F32.9,Major Depressive Disorder,Office Visit,f,24.0,Uninsured,DR03,San Diego,190.0,YES,True
V0562,P138,2023-04-17,E78.5,Hyperlipidemia,Telehealth,female,25.0,Private,DR04,Orange,54.0,Y,True
V0068,P014,2022-05-23,F32.9,Major Depressive Disorder,Urgent Care,F,,Private,DR01,Fresno,,NO,True
V0537,P132,2023-05-24,M54.5,Low Back Pain,Follow-Up,Male,68.0,Self-Pay,DR01,,101.0,yes,False
V0078,P017,2022-05-29,M54.5,Low Back Pain,Telehealth,Male,29.0,Private,DR02,Sacramento,41.0,No,True
V0106,P023,2022-11-15,M54.5,Low Back Pain,Office Visit,female,68.0,Self-Pay,DR08,San Francisco,110.0,yes,True
V0650,P157,2022-06-30,F41.1,Generalized Anxiety Disorder,Office Visit,female,50.0,Medicaid,DR04,,0.0,yes,False
V0560,P137,2022-07-26,I10,Essential Hypertension,Telehealth,Male,69.0,Private,DR04,Alameda,50.0,yes,True
V0702,P173,2022-10-30,J06.9,Acute Upper Respiratory Infection,Telehealth,MALE,79.0,Private,DR07,San Francisco,43.0,yes,True
V0753,P187,2023-11-18,M79.3,Panniculitis,Telehealth,other,64.0,Private,DR07,Los Angeles,59.0,no,True
V0627,P153,2022-09-26,R51,Headache,Office Visit,m,27.0,Private,DR03,San Francisco,60.0,Y,True
V0491,P123,2023-12-17,N39.0,Urinary Tract Infection,Telehealth,Male,36.0,Medicaid,DR03,San Francisco,0.0,0,True
V0682,P166,2023-12-14,E11.9,Type 2 Diabetes without complications,Urgent Care,f,79.0,Private,DR08,,58.0,No,False
V0364,P091,2022-08-28,Z23,Encounter for Immunization,Follow-Up,f,25.0,Private,DR06,Sacramento,21.0,YES,True
V0070,P015,2023-06-11,E78.5,Hyperlipidemia,Office Visit,female,26.0,Medicaid,DR08,Alameda,0.0,no,True
V0549,P135,2023-08-12,,,Urgent Care,male,31.0,Uninsured,DR02,Orange,144.0,0,True
V0161,P037,2023-10-25,J06.9,Acute Upper Respiratory Infection,Telehealth,Female,,Self-Pay,DR04,Fresno,146.0,1,True
V0012,P003,2022-12-23,K21.0,GERD with Esophagitis,Follow-Up,female,68.0,Commercial,DR04,,50.0,NO,False
V0145,P034,2022-10-08,F32.9,Major Depressive Disorder,Office Visit,Female,31.0,Medicaid,DR02,Fresno,5.0,No,True
V0518,P129,2023-03-03,J06.9,Acute Upper Respiratory Infection,Urgent Care,Female,,Medicaid,DR01,,,1,False
V0428,P105,2023-09-14,E78.5,Hyperlipidemia,Office Visit,female,73.0,Medicaid,DR01,Orange,0.0,yes,True
V0177,P041,2023-07-04,J06.9,Acute Upper Respiratory Infection,Office Visit,male,81.0,Medicare,DR08,San Francisco,37.0,YES,True
V0441,P108,2022-10-16,,,Telehealth,f,63.0,Medicare,DR08,Fresno,18.0,Yes,True
V0522,P129,2023-07-12,J06.9,Acute Upper Respiratory Infection,Office Visit,Female,24.0,Medicaid,DR03,,,0,False
V0785,P195,2023-04-05,Z00.00,General Adult Medical Exam,Office Visit,m,48.0,Commercial,DR06,,28.0,1,False
V0757,P189,2023-12-23,UNKNOWN,Unknown,Office Visit,F,63.0,Commercial,DR02,San Francisco,55.0,Yes,True
V0232,P055,2023-03-24,K21.0,GERD with Esophagitis,Office Visit,m,61.0,Self-Pay,DR04,,199.0,Y,False
V0211,P050,2023-06-30,I10,Essential Hypertension,Follow-Up,F,49.0,Medicare,DR01,Alameda,20.0,NO,True
V0144,P033,2022-08-24,I10,Essential Hypertension,Telehealth,male,41.0,Medicare,DR01,Riverside,39.0,0,True
V0520,P129,2023-06-30,F32.9,Major Depressive Disorder,Urgent Care,Female,24.0,Medicaid,DR08,,5.0,1,False
V0299,P073,2022-05-23,M79.3,Panniculitis,Follow-Up,male,76.0,Medicaid,DR01,San Francisco,5.0,no,True
V0429,P105,2023-01-18,F41.1,Generalized Anxiety Disorder,Telehealth,female,73.0,Medicaid,DR01,Orange,0.0,Y,True
V0613,P150,2023-11-27,J20.9,Acute Bronchitis,Follow-Up,F,30.0,Medicaid,DR08,San Diego,0.0,1,True
V0758,P189,2022-07-24,F41.1,Generalized Anxiety Disorder,Follow-Up,F,63.0,Commercial,DR06,San Francisco,44.0,0,True
V0009,P003,2023-10-31,E78.5,Hyperlipidemia,Follow-Up,female,68.0,Commercial,DR03,,27.0,Y,False
V0157,P035,2022-09-28,Z23,Encounter for Immunization,Office Visit,MALE,42.0,Medicaid,DR04,,,NO,False
V0540,P133,2022-12-14,M54.5,Low Back Pain,Telehealth,Non-binary,69.0,Commercial,DR08,,36.0,NO,False
V0507,P125,2023-08-13,M79.3,Panniculitis,Urgent Care,Male,65.0,Medicare,DR01,Fresno,40.0,1,True
V0437,P107,2022-03-07,M54.5,Low Back Pain,Office Visit,Male,71.0,Private,DR07,Riverside,28.0,N,True
V0267,P062,2023-05-02,I10,Essential Hypertension,Telehealth,female,39.0,Self-Pay,DR03,Orange,116.0,yes,True
V0462,P115,2023-06-12,I10,Essential Hypertension,Office Visit,female,47.0,Medicaid,DR05,,5.0,NO,False
V0339,P083,2023-08-27,M54.5,Low Back Pain,Office Visit,Other,67.0,Private,DR06,Sacramento,44.0,No,True
V0256,P061,2022-01-31,I10,Essential Hypertension,Telehealth,female,71.0,Private,DR07,,43.0,NO,False
V0652,P158,2022-01-02,F41.1,Generalized Anxiety Disorder,Office Visit,M,62.0,Medicaid,DR01,Riverside,0.0,Yes,True
V0688,P168,2023-05-17,E78.5,Hyperlipidemia,Telehealth,F,28.0,Medicaid,DR07,Alameda,5.0,NO,True
V0561,P137,2023-06-06,J06.9,Acute Upper Respiratory Infection,Office Visit,Male,69.0,Private,DR05,Alameda,58.0,Yes,True
V0209,P050,2023-08-14,F41.1,Generalized Anxiety Disorder,Office Visit,F,49.0,Medicare,DR03,Alameda,38.0,No,True
V0288,P069,2022-11-15,F41.1,Generalized Anxiety Disorder,Office Visit,male,58.0,Private,DR07,,47.0,1,False
V0002,P001,2023-10-24,F41.1,Generalized Anxiety Disorder,Office Visit,M,59.0,Medicare,DR05,Sacramento,28.0,no,True
V0342,P084,2023-12-28,M54.5,Low Back Pain,Follow-Up,other,62.0,Medicaid,DR02,Los Angeles,,No,True
V0270,P064,2023-06-27,J20.9,Acute Bronchitis,Follow-Up,M,37.0,Medicaid,DR02,,0.0,0,False
V0266,P062,2022-02-02,J06.9,Acute Upper Respiratory Infection,Office Visit,female,39.0,Self-Pay,DR01,Orange,195.0,Y,True
V0660,P161,2023-08-08,E78.5,Hyperlipidemia,Telehealth,f,33.0,Private,DR03,,55.0,No,False
V0664,P161,2023-03-14,R51,Headache,Follow-Up,f,33.0,Private,DR02,,,Yes,False
V0096,P022,2023-06-10,I10,Essential Hypertension,Telehealth,MALE,25.0,Self-Pay,DR07,Sacramento,57.0,NO,True
V0778,P193,2023-02-23,M54.5,Low Back Pain,Office Visit,male,46.0,Medicare,DR03,,38.0,Yes,False
V0043,P010,2022-06-02,J45.909,Unspecified Asthma,Office Visit,f,45.0,Private,DR06,Sacramento,26.0,N,True
V0651,P158,2022-11-22,K21.0,GERD with Esophagitis,Office Visit,M,62.0,Medicaid,DR01,Riverside,0.0,NO,True
V0673,P164,2022-12-14,UNKNOWN,Unknown,Telehealth,F,77.0,Medicaid,DR06,,0.0,0,False
V0629,P153,2022-10-03,M54.5,Low Back Pain,Telehealth,m,27.0,Private,DR02,San Francisco,53.0,NO,True
V0046,P011,2023-12-24,UNKNOWN,Unknown,Telehealth,FEMALE,22.0,Medicaid,DR07,San Francisco,0.0,YES,True
V0162,P037,2022-03-15,J06.9,Acute Upper Respiratory Infection,Follow-Up,Female,30.0,Self-Pay,DR05,Fresno,117.0,NO,True
V0630,P153,2022-06-24,Z00.00,General Adult Medical Exam,Follow-Up,m,27.0,Private,DR05,San Francisco,27.0,N,True
V0289,P069,2023-12-31,I10,Essential Hypertension,Follow-Up,male,58.0,Private,DR08,,40.0,yes,False
V0590,P144,2023-01-03,J06.9,Acute Upper Respiratory Infection,Office Visit,m,32.0,Medicare,DR08,Riverside,39.0,N,True
V0721,P180,2022-08-14,R51,Headache,Office Visit,female,36.0,Medicare,DR02,Orange,34.0,Yes,True
V0765,P190,2022-10-17,Z00.00,General Adult Medical Exam,Follow-Up,M,46.0,Uninsured,DR01,Orange,82.0,yes,True
V0576,P140,2022-04-16,Z23,Encounter for Immunization,Office Visit,M,26.0,Medicare,DR01,,24.0,no,False
V0316,P077,2023-02-13,J20.9,Acute Bronchitis,Telehealth,M,78.0,Medicare,DR06,San Francisco,40.0,no,True
V0231,P054,2023-02-03,M79.3,Panniculitis,Office Visit,M,81.0,Commercial,DR04,San Francisco,37.0,no,True
V0667,P163,2023-06-24,J45.909,Unspecified Asthma,Office Visit,female,80.0,Private,DR02,Los Angeles,46.0,1,True
V0077,P017,2022-12-28,M79.3,Panniculitis,Office Visit,Male,29.0,Private,DR06,Sacramento,20.0,no,True
V0634,P154,2023-03-22,N39.0,Urinary Tract Infection,Telehealth,f,44.0,Medicaid,DR01,Sacramento,0.0,no,True
V0782,P194,2022-10-18,J06.9,Acute Upper Respiratory Infection,Follow-Up,M,42.0,Uninsured,DR05,Los Angeles,120.0,Yes,True
V0248,P059,2022-01-14,E78.5,Hyperlipidemia,Office Visit,female,33.0,Medicaid,DR03,,5.0,NO,False
V0477,P119,2023-01-08,E11.9,Type 2 Diabetes without complications,Office Visit,FEMALE,41.0,Medicaid,DR04,,,YES,False
V0086,P019,2022-05-29,I10,Essential Hypertension,Telehealth,F,25.0,Medicare,DR01,San Diego,,no,True
V0470,P117,2023-12-07,I10,Essential Hypertension,Follow-Up,FEMALE,19.0,Medicaid,DR02,,0.0,1,False
V0226,P053,2023-04-11,F32.9,Major Depressive Disorder,Office Visit,f,85.0,Medicaid,DR02,,0.0,N,False
V0332,P082,2023-08-09,R51,Headache,Follow-Up,f,54.0,Medicaid,DR08,San Francisco,5.0,yes,True
V0234,P055,2022-04-17,J06.9,Acute Upper Respiratory Infection,Telehealth,m,61.0,Self-Pay,DR04,,162.0,no,False
V0589,P144,2023-05-25,M54.5,Low Back Pain,Office Visit,m,32.0,Medicare,DR01,Riverside,,NO,True
V0476,P119,2022-06-29,F32.9,Major Depressive Disorder,Follow-Up,FEMALE,41.0,Medicaid,DR03,,5.0,YES,False
V0720,P179,2023-02-20,J20.9,Acute Bronchitis,Follow-Up,Male,64.0,Private,DR06,Los Angeles,41.0,Yes,True
V0766,P191,2023-11-26,UNKNOWN,Unknown,Telehealth,FEMALE,82.0,Medicare,DR06,,22.0,no,False
V0600,P147,2023-03-16,J45.909,Unspecified Asthma,Office Visit,Male,31.0,Medicaid,DR08,Fresno,0.0,NO,True
V0422,P103,,Z23,Encounter for Immunization,Telehealth,F,53.0,Private,DR07,San Francisco,29.0,NO,True
V0183,P042,2022-11-13,N39.0,Urinary Tract Infection,Office Visit,F,72.0,Medicaid,DR03,,5.0,Y,False
V0618,P151,2023-03-22,E11.9,Type 2 Diabetes without complications,Telehealth,f,64.0,Medicare,DR01,Orange,21.0,1,True
V0333,P082,2023-11-27,UNKNOWN,Unknown,Office Visit,f,54.0,Medicaid,DR06,San Francisco,5.0,NO,True
V0439,P107,2022-07-06,E11.9,Type 2 Diabetes without complications,Telehealth,Male,71.0,Private,DR03,Riverside,31.0,No,True
V0050,P011,2023-03-28,M54.5,Low Back Pain,Follow-Up,FEMALE,22.0,Medicaid,DR08,San Francisco,5.0,No,True
V0006,P002,2022-04-15,J20.9,Acute Bronchitis,Urgent Care,Non-binary,37.0,Medicaid,DR04,,0.0,YES,False
V0530,P131,2022-08-03,I10,Essential Hypertension,Telehealth,MALE,68.0,Medicaid,DR05,,0.0,Yes,False
V0235,P055,2023-04-27,Z23,Encounter for Immunization,Telehealth,m,61.0,Self-Pay,DR08,,170.0,yes,False
V0487,P122,2022-06-29,E11.9,Type 2 Diabetes without complications,Telehealth,male,18.0,Medicare,DR08,Sacramento,18.0,YES,True
V0729,P182,2023-02-15,M54.5,Low Back Pain,Urgent Care,F,,Medicaid,DR02,Riverside,5.0,0,True
V0498,P124,2022-03-30,F41.1,Generalized Anxiety Disorder,Follow-Up,other,,Uninsured,DR01,Los Angeles,65.0,YES,True
V0726,P182,2023-04-04,R51,Headache,Office Visit,F,85.0,Medicaid,DR04,Riverside,0.0,Y,True
V0107,P024,2023-12-26,E78.5,Hyperlipidemia,Telehealth,f,24.0,Private,DR06,,60.0,No,False
V0444,P109,2022-08-08,J06.9,Acute Upper Respiratory Infection,Office Visit,Female,66.0,Medicaid,DR04,Fresno,5.0,1,True
V0489,P122,2023-08-25,K21.0,GERD with Esophagitis,Telehealth,male,18.0,Medicare,DR06,Sacramento,20.0,no,True
V0647,P157,2023-04-14,E11.9,Type 2 Diabetes without complications,Telehealth,female,50.0,Medicaid,DR07,,0.0,YES,False
V0013,P004,2023-12-02,F32.9,Major Depressive Disorder,Office Visit,Female,24.0,Medicare,DR06,,,yes,False
V0191,P043,2022-05-01,I10,Essential Hypertension,Telehealth,female,58.0,Self-Pay,DR01,San Francisco,179.0,NO,True
V0283,P067,2023-04-09,E11.9,Type 2 Diabetes without complications,Follow-Up,female,23.0,Uninsured,DR02,San Diego,170.0,Yes,True
V0030,P008,2023-07-30,M54.5,Low Back Pain,Office Visit,male,25.0,Private,DR03,Sacramento,,1,True
V0170,P039,2023-09-26,J06.9,Acute Upper Respiratory Infection,Urgent Care,f,25.0,Medicaid,DR06,Fresno,0.0,Y,True
V0181,P041,2022-07-31,N39.0,Urinary Tract Infection,Office Visit,male,81.0,Medicare,DR04,San Francisco,40.0,Yes,True
V0101,P023,2023-10-07,I10,Essential Hypertension,Urgent Care,female,68.0,Self-Pay,DR04,San Francisco,195.0,no,True
V0198,P046,2022-12-24,M79.3,Panniculitis,Office Visit,F,64.0,Commercial,DR08,,28.0,NO,False
V0496,P124,2022-07-11,E11.9,Type 2 Diabetes without complications,Telehealth,other,71.0,Uninsured,DR04,Los Angeles,92.0,0,True
V0648,P157,2022-09-08,M54.5,Low Back Pain,Office Visit,female,50.0,Medicaid,DR03,,5.0,0,False
V0786,P196,2022-07-17,Z23,Encounter for Immunization,Office Visit,Male,69.0,Private,DR06,Fresno,20.0,no,True
V0751,P187,2022-01-22,K21.0,GERD with Esophagitis,Telehealth,other,64.0,Private,DR03,Los Angeles,26.0,yes,True
V0374,P092,2022-04-04,Z23,Encounter for Immunization,Telehealth,Female,45.0,Medicaid,DR01,Los Angeles,0.0,YES,True
V0679,P165,2023-03-23,J45.909,Unspecified Asthma,Office Visit,F,79.0,Uninsured,DR03,Riverside,85.0,NO,True
V0717,P178,2023-12-05,N39.0,Urinary Tract Infection,Telehealth,male,85.0,Medicaid,DR06,Riverside,0.0,1,True
V0649,P157,2022-05-28,F41.1,Generalized Anxiety Disorder,Follow-Up,female,50.0,Medicaid,DR08,,0.0,no,False
V0461,P114,2022-10-31,J20.9,Acute Bronchitis,Urgent Care,female,,Commercial,DR03,,31.0,YES,False
V0414,P102,2023-07-26,I10,Essential Hypertension,Office Visit,Female,69.0,Uninsured,DR06,Sacramento,116.0,no,True
V0132,P031,2022-10-07,E11.9,Type 2 Diabetes without complications,Office Visit,female,33.0,Medicaid,DR06,Orange,5.0,No,True
V0040,P010,2023-07-21,R51,Headache,Follow-Up,f,45.0,Private,DR04,Sacramento,39.0,no,True
V0435,P107,2022-11-30,Z23,Encounter for Immunization,Telehealth,Male,71.0,Private,DR04,Riverside,48.0,YES,True
V0216,P051,2023-02-27,F41.1,Generalized Anxiety Disorder,Office Visit,Male,28.0,Medicare,DR03,Sacramento,35.0,N,True
V0556,P136,2023-10-20,F32.9,Major Depressive Disorder,Telehealth,MALE,79.0,Medicaid,DR06,Orange,,0,True
V0567,P138,2022-03-30,N39.0,Urinary Tract Infection,Telehealth,female,25.0,Private,DR01,Orange,35.0,N,True
V0475,P119,2023-03-22,Z00.00,General Adult Medical Exam,Follow-Up,FEMALE,41.0,Medicaid,DR02,,0.0,N,False
V0457,P113,2023-01-16,K21.0,GERD with Esophagitis,Telehealth,m,40.0,Medicare,DR05,,21.0,yes,False
V0261,P061,2023-01-05,E78.5,Hyperlipidemia,Office Visit,female,71.0,Private,DR08,,36.0,1,False
V0036,P009,2023-03-26,J45.909,Unspecified Asthma,Follow-Up,MALE,82.0,Uninsured,DR02,,142.0,yes,False
V0310,P076,2023-06-08,K21.0,GERD with Esophagitis,Telehealth,male,52.0,Uninsured,DR08,Fresno,72.0,0,True
V0277,P066,2023-12-23,N39.0,Urinary Tract Infection,Urgent Care,Male,71.0,Private,DR06,,39.0,Y,False
V0637,P154,2022-09-30,J45.909,Unspecified Asthma,Office Visit,f,44.0,Medicaid,DR01,Sacramento,5.0,0,True
V0655,P159,2022-12-11,Z23,Encounter for Immunization,Office Visit,Male,64.0,Medicare,DR03,Los Angeles,31.0,no,True
V0623,P152,2023-05-05,E11.9,Type 2 Diabetes without complications,Office Visit,f,21.0,Private,DR01,Alameda,28.0,Y,True
V0394,P097,2023-08-15,F32.9,Major Depressive Disorder,Office Visit,Female,68.0,Uninsured,DR08,Orange,178.0,Yes,True
V0108,P024,2023-02-20,E78.5,Hyperlipidemia,Office Visit,f,24.0,Private,DR01,,43.0,YES,False
V0763,P190,2023-11-15,Z00.00,General Adult Medical Exam,Follow-Up,M,46.0,Uninsured,DR07,Orange,77.0,Y,True
V0525,P130,2023-10-05,N39.0,Urinary Tract Infection,Telehealth,male,76.0,Medicaid,DR02,Sacramento,0.0,NO,True
V0048,P011,2022-03-02,I10,Essential Hypertension,Urgent Care,FEMALE,22.0,Medicaid,DR05,San Francisco,5.0,no,True
V0204,P047,2023-12-01,E78.5,Hyperlipidemia,Office Visit,Female,56.0,Medicaid,DR07,Riverside,0.0,Yes,True
V0748,P186,2023-08-16,F41.1,Generalized Anxiety Disorder,Telehealth,F,84.0,Private,DR03,San Francisco,58.0,Yes,True
V0632,P153,2022-09-25,E78.5,Hyperlipidemia,Follow-Up,m,27.0,Private,DR05,San Francisco,24.0,0,True
V0022,P007,2023-09-06,K21.0,GERD with Esophagitis,Office Visit,M,,Medicaid,DR08,Riverside,5.0,no,True
V0403,P100,2022-10-21,M54.5,Low Back Pain,Follow-Up,Female,39.0,Medicare,DR03,,18.0,NO,False
V0084,P018,2023-10-09,E78.5,Hyperlipidemia,Follow-Up,MALE,72.0,Medicaid,DR01,San Diego,0.0,N,True
V0131,P031,2022-11-18,M54.5,Low Back Pain,Office Visit,female,33.0,Medicaid,DR06,Orange,,0,True
V0416,P102,2023-10-28,I10,Essential Hypertension,Telehealth,Female,69.0,Uninsured,DR07,Sacramento,98.0,1,True
V0698,P171,2022-10-17,E11.9,Type 2 Diabetes without complications,Office Visit,female,61.0,Private,DR06,,57.0,No,False
V0287,P069,2022-06-29,J06.9,Acute Upper Respiratory Infection,Follow-Up,male,58.0,Private,DR01,,32.0,0,False
V0124,P030,2022-01-16,E11.9,Type 2 Diabetes without complications,Telehealth,male,36.0,Medicare,DR08,Orange,24.0,Y,True
V0034,P008,2022-02-21,J06.9,Acute Upper Respiratory Infection,Follow-Up,male,25.0,Private,DR02,Sacramento,38.0,no,True
V0517,P128,2022-01-27,Z00.00,General Adult Medical Exam,Urgent Care,Female,83.0,Uninsured,DR06,Fresno,68.0,no,True
V0020,P006,2023-02-17,F32.9,Major Depressive Disorder,Office Visit,Non-binary,30.0,Medicare,DR05,,21.0,Y,False
V0749,P187,2023-08-20,J06.9,Acute Upper Respiratory Infection,Urgent Care,other,64.0,Private,DR06,Los Angeles,36.0,no,True
V0220,P051,2023-10-27,I10,Essential Hypertension,Follow-Up,Male,,Medicare,DR07,Sacramento,34.0,0,True
V0482,P121,2023-02-09,,,Telehealth,female,54.0,Medicaid,DR06,Alameda,0.0,Y,True
V0357,P088,2023-11-07,I10,Essential Hypertension,Office Visit,male,39.0,Commercial,DR01,,24.0,Y,False
V0662,P161,2022-01-14,R51,Headache,Office Visit,f,33.0,Private,DR05,,46.0,Y,False
V0225,P053,2022-02-26,F32.9,Major Depressive Disorder,Urgent Care,f,85.0,Medicaid,DR05,,0.0,no,False
V0093,P021,2022-09-05,,,Office Visit,Other,46.0,Commercial,DR05,Los Angeles,54.0,yes,True
V0152,P034,2023-01-05,I10,Essential Hypertension,Follow-Up,Female,31.0,Medicaid,DR03,Fresno,0.0,NO,True
V0793,P199,2023-11-08,E11.9,Type 2 Diabetes without complications,Follow-Up,female,84.0,Medicaid,DR07,Orange,0.0,NO,True
V0318,P077,2023-10-17,M54.5,Low Back Pain,Office Visit,M,78.0,Medicare,DR07,San Francisco,34.0,NO,True
V0449,P111,2022-08-15,K21.0,GERD with Esophagitis,Office Visit,M,37.0,Uninsured,DR06,Los Angeles,197.0,no,True
V0746,P186,2023-06-04,Z23,Encounter for Immunization,Office Visit,F,84.0,Private,DR06,San Francisco,24.0,NO,True
V0523,P129,2022-09-27,M79.3,Panniculitis,Office Visit,Female,24.0,Medicaid,DR08,,0.0,No,False
V0280,P067,2022-11-24,I10,Essential Hypertension,Telehealth,female,23.0,Uninsured,DR05,San Diego,,Yes,True
V0584,P143,2023-10-14,J06.9,Acute Upper Respiratory Infection,Office Visit,male,38.0,Medicare,DR08,San Diego,19.0,N,True
V0605,P148,2023-03-15,Z00.00,General Adult Medical Exam,Telehealth,FEMALE,18.0,Medicaid,DR05,Los Angeles,0.0,Yes,True
V0350,P086,2023-11-18,F32.9,Major Depressive Disorder,Telehealth,Male,,Medicare,DR01,Riverside,34.0,YES,True
V0375,P093,2022-12-23,F32.9,Major Depressive Disorder,Office Visit,M,54.0,Medicaid,DR02,,5.0,YES,False
V0401,P099,2023-03-18,F41.1,Generalized Anxiety Disorder,Office Visit,M,28.0,Medicaid,DR03,Fresno,0.0,YES,True
V0705,P174,2022-01-09,,,Follow-Up,FEMALE,38.0,Medicaid,DR08,Orange,0.0,no,True
V0258,P061,2022-06-27,E11.9,Type 2 Diabetes without complications,Telehealth,female,71.0,Private,DR02,,,yes,False
V0073,P016,2022-11-28,R51,Headache,Office Visit,female,48.0,Private,DR05,,33.0,No,False
V0196,P045,2023-06-08,E11.9,Type 2 Diabetes without complications,Office Visit,MALE,76.0,Medicare,DR03,,21.0,YES,False
V0484,P121,2023-01-10,F32.9,Major Depressive Disorder,Office Visit,female,54.0,Medicaid,DR03,Alameda,0.0,yes,True
V0138,P032,2022-09-21,M79.3,Panniculitis,Office Visit,male,57.0,Medicare,DR05,Alameda,22.0,yes,True
V0495,P123,2023-07-21,M54.5,Low Back Pain,Follow-Up,Male,36.0,Medicaid,DR06,San Francisco,0.0,No,True
V0773,P192,2023-06-13,Z00.00,General Adult Medical Exam,Follow-Up,NB,60.0,Medicare,DR04,,28.0,Y,False
V0551,P136,2023-08-06,J20.9,Acute Bronchitis,Telehealth,MALE,79.0,Medicaid,DR07,Orange,0.0,no,True
V0463,P115,2022-01-14,J06.9,Acute Upper Respiratory Infection,Office Visit,female,47.0,Medicaid,DR04,,0.0,YES,False
V0202,P047,2022-11-04,F41.1,Generalized Anxiety Disorder,Telehealth,Female,56.0,Medicaid,DR08,Riverside,0.0,Yes,True
V0313,P076,2023-08-30,F32.9,Major Depressive Disorder,Telehealth,male,52.0,Uninsured,DR08,Fresno,182.0,No,True
V0291,P071,2022-02-22,E11.9,Type 2 Diabetes without complications,Office Visit,F,62.0,Commercial,DR02,Alameda,24.0,0,True
V0190,P043,2022-01-06,M54.5,Low Back Pain,Follow-Up,female,58.0,Self-Pay,DR05,San Francisco,88.0,Yes,True
V0764,P190,2022-04-14,M54.5,Low Back Pain,Telehealth,M,46.0,Uninsured,DR06,Orange,67.0,N,True
V0113,P027,2023-01-13,I10,Essential Hypertension,Telehealth,M,35.0,Private,DR05,Los Angeles,,yes,True
V0184,P042,2023-11-02,M54.5,Low Back Pain,Follow-Up,F,72.0,Medicaid,DR08,,0.0,yes,False
V0153,P035,2022-05-17,N39.0,Urinary Tract Infection,Office Visit,MALE,42.0,Medicaid,DR02,,0.0,yes,False
V0326,P080,2023-07-29,R51,Headache,Office Visit,M,57.0,Medicaid,DR07,Riverside,0.0,1,True
V0704,P173,2023-06-29,Z23,Encounter for Immunization,Office Visit,MALE,79.0,Private,DR05,San Francisco,42.0,Y,True
V0045,P011,2023-08-31,J06.9,Acute Upper Respiratory Infection,Urgent Care,FEMALE,22.0,Medicaid,DR01,San Francisco,0.0,Y,True
V0445,P109,2023-08-04,R51,Headache,Follow-Up,Female,66.0,Medicaid,DR08,Fresno,0.0,Yes,True
V0788,P196,2023-10-05,Z00.00,General Adult Medical Exam,Telehealth,Male,69.0,Private,DR06,Fresno,52.0,0,True
V0007,P002,2023-10-16,Z23,Encounter for Immunization,Office Visit,Non-binary,37.0,Medicaid,DR08,,,no,False
V0251,P060,2023-04-06,E78.5,Hyperlipidemia,Follow-Up,Female,83.0,Medicaid,DR05,Orange,0.0,no,True
V0076,P017,2022-05-01,E11.9,Type 2 Diabetes without complications,Office Visit,Male,29.0,Private,DR07,Sacramento,37.0,no,True
V0513,P127,2023-11-21,E11.9,Type 2 Diabetes without complications,Office Visit,MALE,34.0,Medicaid,DR03,Alameda,0.0,no,True
V0392,P096,2023-09-08,J06.9,Acute Upper Respiratory Infection,Telehealth,M,68.0,Medicare,DR03,San Diego,24.0,yes,True
V0433,P106,2023-08-18,F32.9,Major Depressive Disorder,Telehealth,male,53.0,Medicaid,DR05,Los Angeles,5.0,YES,True
V0069,P014,2022-02-06,R51,Headache,Office Visit,F,71.0,Private,DR01,Fresno,47.0,Y,True
V0168,P039,2023-03-25,J06.9,Acute Upper Respiratory Infection,Telehealth,f,25.0,Medicaid,DR02,Fresno,0.0,NO,True
V0731,P182,2022-04-12,Z00.00,General Adult Medical Exam,Office Visit,F,85.0,Medicaid,DR03,Riverside,0.0,No,True
V0555,P136,2022-01-06,Z23,Encounter for Immunization,Office Visit,MALE,79.0,Medicaid,DR06,Orange,0.0,1,True
V0367,P092,2023-11-22,I10,Essential Hypertension,Office Visit,Female,45.0,Medicaid,DR01,Los Angeles,0.0,YES,True
V0346,P085,2022-10-04,J45.909,Unspecified Asthma,Office Visit,Other,20.0,Commercial,DR01,Orange,21.0,0,True
V0585,P144,2022-08-01,J20.9,Acute Bronchitis,Telehealth,m,32.0,Medicare,DR08,Riverside,19.0,Y,True
V0536,P132,2023-10-12,J45.909,Unspecified Asthma,Office Visit,Male,68.0,Self-Pay,DR04,,94.0,Y,False
V0399,P098,2022-11-16,F32.9,Major Depressive Disorder,Office Visit,male,81.0,Uninsured,DR07,San Diego,199.0,no,True
V0186,P042,2022-10-14,F41.1,Generalized Anxiety Disorder,Telehealth,F,72.0,Medicaid,DR04,,0.0,No,False
V0349,P086,2022-01-06,I10,Essential Hypertension,Follow-Up,Male,77.0,Medicare,DR04,Riverside,39.0,no,True
V0616,P151,2023-05-11,F32.9,Major Depressive Disorder,Office Visit,f,64.0,Medicare,DR03,Orange,26.0,no,True
V0212,P050,2023-01-04,F41.1,Generalized Anxiety Disorder,Office Visit,F,49.0,Medicare,DR08,Alameda,21.0,no,True
V0580,P141,2023-11-22,J06.9,Acute Upper Respiratory Infection,Office Visit,m,44.0,Commercial,DR01,Sacramento,,0,True
V0503,P124,2022-02-14,R51,Headache,Office Visit,other,71.0,Uninsured,DR06,Los Angeles,64.0,no,True
V0538,P133,2023-02-02,F41.1,Generalized Anxiety Disorder,Office Visit,Non-binary,69.0,Commercial,DR02,,25.0,Y,False
V0197,P046,2022-02-08,,,Telehealth,F,64.0,Commercial,DR02,,58.0,Y,False
V0176,P040,2022-11-02,E11.9,Type 2 Diabetes without complications,Office Visit,m,44.0,Medicare,DR01,Fresno,24.0,no,True
